,Day,Year,Lag1,Lag2,Lag3,Lag4,Lag5,Volume,EOD,Direction
1,1,2001,0.381,-0.192,-2.624,-1.055,5.01,1.1913,0.959,Up
2,2,2001,0.959,0.381,-0.192,-2.624,-1.055,1.2965,1.032,Up
3,3,2001,1.032,0.959,0.381,-0.192,-2.624,1.4112,-0.623,Down
4,4,2001,-0.623,1.032,0.959,0.381,-0.192,1.276,0.614,Up
5,5,2001,0.614,-0.623,1.032,0.959,0.381,1.2057,0.213,Up
6,6,2001,0.213,0.614,-0.623,1.032,0.959,1.3491,1.392,Up
7,7,2001,1.392,0.213,0.614,-0.623,1.032,1.445,-0.403,Down
8,8,2001,-0.403,1.392,0.213,0.614,-0.623,1.4078,0.027,Up
9,9,2001,0.027,-0.403,1.392,0.213,0.614,1.164,1.303,Up
10,10,2001,1.303,0.027,-0.403,1.392,0.213,1.2326,0.287,Up
11,11,2001,0.287,1.303,0.027,-0.403,1.392,1.309,-0.498,Down
12,12,2001,-0.498,0.287,1.303,0.027,-0.403,1.258,-0.189,Down
13,13,2001,-0.189,-0.498,0.287,1.303,0.027,1.098,0.68,Up
14,14,2001,0.68,-0.189,-0.498,0.287,1.303,1.0531,0.701,Up
15,15,2001,0.701,0.68,-0.189,-0.498,0.287,1.1498,-0.562,Down
16,16,2001,-0.562,0.701,0.68,-0.189,-0.498,1.2953,0.546,Up
17,17,2001,0.546,-0.562,0.701,0.68,-0.189,1.1188,-1.747,Down
18,18,2001,-1.747,0.546,-0.562,0.701,0.68,1.0484,0.359,Up
19,19,2001,0.359,-1.747,0.546,-0.562,0.701,1.013,-0.151,Down
20,20,2001,-0.151,0.359,-1.747,0.546,-0.562,1.0596,-0.841,Down
21,21,2001,-0.841,-0.151,0.359,-1.747,0.546,1.1583,-0.623,Down
22,22,2001,-0.623,-0.841,-0.151,0.359,-1.747,1.1072,-1.334,Down
23,23,2001,-1.334,-0.623,-0.841,-0.151,0.359,1.0755,1.183,Up
24,24,2001,1.183,-1.334,-0.623,-0.841,-0.151,1.0391,-0.865,Down
25,25,2001,-0.865,1.183,-1.334,-0.623,-0.841,1.0752,-0.218,Down
26,26,2001,-0.218,-0.865,1.183,-1.334,-0.623,1.1503,0.812,Up
27,27,2001,0.812,-0.218,-0.865,1.183,-1.334,1.1537,-1.891,Down
28,28,2001,-1.891,0.812,-0.218,-0.865,1.183,1.2572,-1.736,Down
29,29,2001,-1.736,-1.891,0.812,-0.218,-0.865,1.1122,-1.851,Down
30,30,2001,-1.851,-1.736,-1.891,0.812,-0.218,1.2085,-0.195,Down
31,31,2001,-0.195,-1.851,-1.736,-1.891,0.812,1.3659,-0.556,Down
32,32,2001,-0.556,-0.195,-1.851,-1.736,-1.891,1.2313,1.749,Up
33,33,2001,1.749,-0.556,-0.195,-1.851,-1.736,1.1308,-0.766,Down
34,34,2001,-0.766,1.749,-0.556,-0.195,-1.851,1.1141,-1.431,Down
35,35,2001,-1.431,-0.766,1.749,-0.556,-0.195,1.2253,0.104,Up
36,36,2001,0.104,-1.431,-0.766,1.749,-0.556,1.2949,-0.568,Down
37,37,2001,-0.568,0.104,-1.431,-0.766,1.749,1.294,0.586,Up
38,38,2001,0.586,-0.568,0.104,-1.431,-0.766,0.9292,0.998,Up
39,39,2001,0.998,0.586,-0.568,0.104,-1.431,1.0918,0.645,Up
40,40,2001,0.645,0.998,0.586,-0.568,0.104,1.1322,0.226,Up
41,41,2001,0.226,0.645,0.998,0.586,-0.568,1.1141,-2.476,Down
42,42,2001,-2.476,0.226,0.645,0.998,0.586,1.0859,-4.318,Down
43,43,2001,-4.318,-2.476,0.226,0.645,0.998,1.229,1.483,Up
44,44,2001,1.483,-4.318,-2.476,0.226,0.645,1.3609,-2.584,Down
45,45,2001,-2.584,1.483,-4.318,-2.476,0.226,1.3974,0.587,Up
46,46,2001,0.587,-2.584,1.483,-4.318,-2.476,1.2595,-1.962,Down
47,47,2001,-1.962,0.587,-2.584,1.483,-4.318,1.54356,1.763,Up
48,48,2001,1.763,-1.962,0.587,-2.584,1.483,1.1262,-2.408,Down
49,49,2001,-2.408,1.763,-1.962,0.587,-2.584,1.2359,-1.792,Down
50,50,2001,-1.792,-2.408,1.763,-1.962,0.587,1.3463,-0.406,Down
51,51,2001,-0.406,-1.792,-2.408,1.763,-1.962,1.72395,1.991,Up
52,52,2001,1.991,-0.406,-1.792,-2.408,1.763,1.3649,1.128,Up
53,53,2001,1.128,1.991,-0.406,-1.792,-2.408,1.114,2.557,Up
54,54,2001,2.557,1.128,1.991,-0.406,-1.792,1.3142,-2.443,Down
55,55,2001,-2.443,2.557,1.128,1.991,-0.406,1.3334,-0.463,Down
56,56,2001,-0.463,-2.443,2.557,1.128,1.991,1.2345,1.078,Up
57,57,2001,1.078,-0.463,-2.443,2.557,1.128,1.2808,-1.246,Down
58,58,2001,-1.246,1.078,-0.463,-2.443,2.557,1.2549,-3.439,Down
59,59,2001,-3.439,-1.246,1.078,-0.463,-2.443,1.3861,-0.29,Down
60,60,2001,-0.29,-3.439,-1.246,1.078,-0.463,1.42559,4.368,Up
61,61,2001,4.368,-0.29,-3.439,-1.246,1.078,1.368,-1.998,Down
62,62,2001,-1.998,4.368,-0.29,-3.439,-1.246,1.2668,0.812,Up
63,63,2001,0.812,-1.998,4.368,-0.29,-3.439,1.0628,2.707,Up
64,64,2001,2.707,0.812,-1.998,4.368,-0.29,1.3496,-0.213,Down
65,65,2001,-0.213,2.707,0.812,-1.998,4.368,1.2903,1.51,Up
66,66,2001,1.51,-0.213,2.707,0.812,-1.998,1.102,-0.323,Down
67,67,2001,-0.323,1.51,-0.213,2.707,0.812,0.9139,1.028,Up
68,68,2001,1.028,-0.323,1.51,-0.213,2.707,1.1096,3.889,Up
69,69,2001,3.889,1.028,-0.323,1.51,-0.213,1.9189,1.254,Up
70,70,2001,1.254,3.889,1.028,-0.323,1.51,1.4868,-0.854,Down
71,71,2001,-0.854,1.254,3.889,1.028,-0.323,1.3387,-1.498,Down
72,72,2001,-1.498,-0.854,1.254,3.889,1.028,1.0126,-1.216,Down
73,73,2001,-1.216,-1.498,-0.854,1.254,3.889,1.2165,1.594,Up
74,74,2001,1.594,-1.216,-1.498,-0.854,1.254,1.2036,0.47,Up
75,75,2001,0.47,1.594,-1.216,-1.498,-0.854,1.3452,1.501,Up
76,76,2001,1.501,0.47,1.594,-1.216,-1.498,1.0913,-0.287,Down
77,77,2001,-0.287,1.501,0.47,1.594,-1.216,1.2668,1.359,Up
78,78,2001,1.359,-0.287,1.501,0.47,1.594,1.1813,0.078,Up
79,79,2001,0.078,1.359,-0.287,1.501,0.47,1.3422,-1.487,Down
80,80,2001,-1.487,0.078,1.359,-0.287,1.501,1.1379,1.444,Up
81,81,2001,1.444,-1.487,0.078,1.359,-0.287,1.0821,-0.245,Down
82,82,2001,-0.245,1.444,-1.487,0.078,1.359,0.949,-0.183,Down
83,83,2001,-0.183,-0.245,1.444,-1.487,0.078,1.0063,-0.449,Down
84,84,2001,-0.449,-0.183,-0.245,1.444,-1.487,1.1324,-0.029,Down
85,85,2001,-0.029,-0.449,-0.183,-0.245,1.444,1.0567,-0.758,Down
86,86,2001,-0.758,-0.029,-0.449,-0.183,-0.245,0.9062,0.261,Up
87,87,2001,0.261,-0.758,-0.029,-0.449,-0.183,0.8582,0.042,Up
88,88,2001,0.042,0.261,-0.758,-0.029,-0.449,1.0718,2.845,Up
89,89,2001,2.845,0.042,0.261,-0.758,-0.029,1.4053,0.272,Up
90,90,2001,0.272,2.845,0.042,0.261,-0.758,1.3556,0.269,Up
91,91,2001,0.269,0.272,2.845,0.042,0.261,1.1308,1.615,Up
92,92,2001,1.615,0.269,0.272,2.845,0.042,1.1749,-0.263,Down
93,93,2001,-0.263,1.615,0.269,0.272,2.845,1.2604,-1.553,Down
94,94,2001,-1.553,-0.263,1.615,0.269,0.272,1.1348,0.32,Up
95,95,2001,0.32,-1.553,-0.263,1.615,0.269,1.1007,-1.182,Down
96,96,2001,-1.182,0.32,-1.553,-0.263,1.615,0.8281,-0.779,Down
97,97,2001,-0.779,-1.182,0.32,-1.553,-0.263,1.026,-1.566,Down
98,98,2001,-1.566,-0.779,-1.182,0.32,-1.553,1.1586,0.62,Up
99,99,2001,0.62,-1.566,-0.779,-1.182,0.32,1.2266,0.386,Up
100,100,2001,0.386,0.62,-1.566,-0.779,-1.182,1.015,0.511,Up
101,101,2001,0.511,0.386,0.62,-1.566,-0.779,0.8365,1.299,Up
102,102,2001,1.299,0.511,0.386,0.62,-1.566,1.1168,-1.055,Down
103,103,2001,-1.055,1.299,0.511,0.386,0.62,1.0619,0.546,Up
104,104,2001,0.546,-1.055,1.299,0.511,0.386,1.0896,-0.94,Down
105,105,2001,-0.94,0.546,-1.055,1.299,0.511,0.7262,-0.836,Down
106,106,2001,-0.836,-0.94,0.546,-1.055,1.299,0.8701,0.116,Up
107,107,2001,0.116,-0.836,-0.94,0.546,-1.055,1.1365,-1.135,Down
108,108,2001,-1.135,0.116,-0.836,-0.94,0.546,1.0636,-1.75,Down
109,109,2001,-1.75,-1.135,0.116,-0.836,-0.94,1.2429,-0.452,Down
110,110,2001,-0.452,-1.75,-1.135,0.116,-0.836,1.63555,-0.488,Down
111,111,2001,-0.488,-0.452,-1.75,-1.135,0.116,1.1116,0.343,Up
112,112,2001,0.343,-0.488,-0.452,-1.75,-1.135,1.1849,0.871,Up
113,113,2001,0.871,0.343,-0.488,-0.452,-1.75,1.3501,1.136,Up
114,114,2001,1.136,0.871,0.343,-0.488,-0.452,1.54682,-0.945,Down
115,115,2001,-0.945,1.136,0.871,0.343,-0.488,1.1892,-0.551,Down
116,116,2001,-0.551,-0.945,1.136,0.871,0.343,1.0501,-0.151,Down
117,117,2001,-0.151,-0.551,-0.945,1.136,0.871,1.1989,-0.468,Down
118,118,2001,-0.468,-0.151,-0.551,-0.945,1.136,1.1621,1.249,Up
119,119,2001,1.249,-0.468,-0.151,-0.551,-0.945,1.3273,-0.148,Down
120,120,2001,-0.148,1.249,-0.468,-0.151,-0.551,1.83236,1.008,Up
121,121,2001,1.008,-0.148,1.249,-0.468,-0.151,1.1283,-0.184,Down
122,122,2001,-0.184,1.008,-0.148,1.249,-0.468,0.62211,-1.232,Down
123,123,2001,-1.232,-0.184,1.008,-0.148,1.249,0.9349,-2.35,Down
124,124,2001,-2.35,-1.232,-0.184,1.008,-0.148,1.0567,0.688,Up
125,125,2001,0.688,-2.35,-1.232,-0.184,1.008,1.0457,-1.44,Down
126,126,2001,-1.44,0.688,-2.35,-1.232,-0.184,1.2638,-0.113,Down
127,127,2001,-0.113,-1.44,0.688,-2.35,-1.232,1.3841,2.369,Up
128,128,2001,2.369,-0.113,-1.44,0.688,-2.35,1.394,0.624,Up
129,129,2001,0.624,2.369,-0.113,-1.44,0.688,1.1217,-1.088,Down
130,130,2001,-1.088,0.624,2.369,-0.113,-1.44,1.0398,0.997,Up
131,131,2001,0.997,-1.088,0.624,2.369,-0.113,1.2381,-0.554,Down
132,132,2001,-0.554,0.997,-1.088,0.624,2.369,1.3163,0.605,Up
133,133,2001,0.605,-0.554,0.997,-1.088,0.624,1.3435,-0.343,Down
134,134,2001,-0.343,0.605,-0.554,0.997,-1.088,1.1709,-1.637,Down
135,135,2001,-1.637,-0.343,0.605,-0.554,0.997,0.9869,-1.627,Down
136,136,2001,-1.627,-1.637,-0.343,0.605,-0.554,1.1987,1.608,Up
137,137,2001,1.608,-1.627,-1.637,-0.343,0.605,1.2807,1.045,Up
138,138,2001,1.045,1.608,-1.627,-1.637,-0.343,1.2139,0.24,Up
139,139,2001,0.24,1.045,1.608,-1.627,-1.637,1.0153,-0.108,Down
140,140,2001,-0.108,0.24,1.045,1.608,-1.627,0.9091,0.557,Up
141,141,2001,0.557,-0.108,0.24,1.045,1.608,1.1292,0.388,Up
142,142,2001,0.388,0.557,-0.108,0.24,1.045,1.3403,0.396,Up
143,143,2001,0.396,0.388,0.557,-0.108,0.24,1.2183,-0.524,Down
144,144,2001,-0.524,0.396,0.388,0.557,-0.108,0.9399,-1.142,Down
145,145,2001,-1.142,-0.524,0.396,0.388,0.557,0.8117,0.327,Up
146,146,2001,0.327,-1.142,-0.524,0.396,0.388,1.012,-1.733,Down
147,147,2001,-1.733,0.327,-1.142,-0.524,0.396,1.1246,-0.008,Down
148,148,2001,-0.008,-1.733,0.327,-1.142,-0.524,1.1042,0.569,Up
149,149,2001,0.569,-0.008,-1.733,0.327,-1.142,0.9609,0.095,Up
150,150,2001,0.095,0.569,-0.008,-1.733,0.327,0.8376,-0.383,Down
151,151,2001,-0.383,0.095,0.569,-0.008,-1.733,0.9646,-0.734,Down
152,152,2001,-0.734,-0.383,0.095,0.569,-0.008,1.0656,0.309,Up
153,153,2001,0.309,-0.734,-0.383,0.095,0.569,1.0554,-1.666,Down
154,154,2001,-1.666,0.309,-0.734,-0.383,0.095,0.9743,0.812,Up
155,155,2001,0.812,-1.666,0.309,-0.734,-0.383,0.8971,-1.208,Down
156,156,2001,-1.208,0.812,-1.666,0.309,-0.734,1.0416,0.696,Up
157,157,2001,0.696,-1.208,0.812,-1.666,0.309,1.1108,-0.276,Down
158,158,2001,-0.276,0.696,-1.208,0.812,-1.666,0.9862,1.965,Up
159,159,2001,1.965,-0.276,0.696,-1.208,0.812,1.0436,-0.483,Down
160,160,2001,-0.483,1.965,-0.276,0.696,-1.208,0.8426,-1.501,Down
161,161,2001,-1.501,-0.483,1.965,-0.276,0.696,0.9871,-1.115,Down
162,162,2001,-1.115,-1.501,-0.483,1.965,-0.276,0.9637,-1.7,Down
163,163,2001,-1.7,-1.115,-1.501,-0.483,1.965,1.157,0.403,Up
164,164,2001,0.403,-1.7,-1.115,-1.501,-0.483,0.9201,-0.056,Down
165,165,2001,-0.056,0.403,-1.7,-1.115,-1.501,1.1783,-0.106,Down
166,166,2001,-0.106,-0.056,0.403,-1.7,-1.115,1.3845,-2.239,Down
167,167,2001,-2.239,-0.106,-0.056,0.403,-1.7,1.3597,-1.864,Down
168,168,2001,-1.864,-2.239,-0.106,-0.056,0.403,1.4243,0.623,Up
169,169,2001,0.623,-1.864,-2.239,-0.106,-0.056,1.2766,-4.922,Down
170,170,2001,-4.922,0.623,-1.864,-2.239,-0.106,2.33083,-0.58,Down
171,171,2001,-0.58,-4.922,0.623,-1.864,-2.239,1.65041,-1.611,Down
172,172,2001,-1.611,-0.58,-4.922,0.623,-1.864,2.12055,-3.106,Down
173,173,2001,-3.106,-1.611,-0.58,-4.922,0.623,2.0048,-1.903,Down
174,174,2001,-1.903,-3.106,-1.611,-0.58,-4.922,2.3173,3.898,Up
175,175,2001,3.898,-1.903,-3.106,-1.611,-0.58,1.7466,0.879,Up
176,176,2001,0.879,3.898,-1.903,-3.106,-1.611,1.6138,-0.517,Down
177,177,2001,-0.517,0.879,3.898,-1.903,-3.106,1.5191,1.149,Up
178,178,2001,1.149,-0.517,0.879,3.898,-1.903,1.467,2.192,Up
179,179,2001,2.192,1.149,-0.517,0.879,3.898,1.6315,-0.23,Down
180,180,2001,-0.23,2.192,1.149,-0.517,0.879,1.1756,1.231,Up
181,181,2001,1.231,-0.23,2.192,1.149,-0.517,1.2898,1.993,Up
182,182,2001,1.993,1.231,-0.23,2.192,1.149,1.6506,-0.247,Down
183,183,2001,-0.247,1.993,1.231,-0.23,2.192,1.6091,0.164,Up
184,184,2001,0.164,-0.247,1.993,1.231,-0.23,1.3017,-0.834,Down
185,185,2001,-0.834,0.164,-0.247,1.993,1.231,0.979,-0.536,Down
186,186,2001,-0.536,-0.834,0.164,-0.247,1.993,1.2278,2.294,Up
187,187,2001,2.294,-0.536,-0.834,0.164,-0.247,1.3124,1.521,Up
188,188,2001,1.521,2.294,-0.536,-0.834,0.164,1.70458,-0.527,Down
189,189,2001,-0.527,1.521,2.294,-0.536,-0.834,1.3314,-0.153,Down
190,190,2001,-0.153,-0.527,1.521,2.294,-0.536,1.0247,0.694,Up
191,191,2001,0.694,-0.153,-0.527,1.521,2.294,1.2105,-1.863,Down
192,192,2001,-1.863,0.694,-0.153,-0.527,1.521,1.4522,-0.787,Down
193,193,2001,-0.787,-1.863,0.694,-0.153,-0.527,1.2629,0.456,Up
194,194,2001,0.456,-0.787,-1.863,0.694,-0.153,1.2949,1.53,Up
195,195,2001,1.53,0.456,-0.787,-1.863,0.694,1.1057,-0.47,Down
196,196,2001,-0.47,1.53,0.456,-0.787,-1.863,1.3173,0.039,Up
197,197,2001,0.039,-0.47,1.53,0.456,-0.787,1.3362,1.372,Up
198,198,2001,1.372,0.039,-0.47,1.53,0.456,1.3644,0.411,Up
199,199,2001,0.411,1.372,0.039,-0.47,1.53,1.2445,-2.382,Down
200,200,2001,-2.382,0.411,1.372,0.039,-0.47,1.1061,-1.717,Down
201,201,2001,-1.717,-2.382,0.411,1.372,0.039,1.2974,-0.001,Down
202,202,2001,-0.001,-1.717,-2.382,0.411,1.372,1.3525,2.295,Up
203,203,2001,2.295,-0.001,-1.717,-2.382,0.411,1.3174,0.286,Up
204,204,2001,0.286,2.295,-0.001,-1.717,-2.382,1.1219,1.439,Up
205,205,2001,1.439,0.286,2.295,-0.001,-1.717,1.2677,1.453,Up
206,206,2001,1.453,1.439,0.286,2.295,-0.001,1.356,-0.273,Down
207,207,2001,-0.273,1.453,1.439,0.286,2.295,1.4113,0.246,Up
208,208,2001,0.246,-0.273,1.453,1.439,0.286,1.5175,0.158,Up
209,209,2001,0.158,0.246,-0.273,1.453,1.439,1.0938,-0.177,Down
210,210,2001,-0.177,0.158,0.246,-0.273,1.453,0.9916,1.856,Up
211,211,2001,1.856,-0.177,0.158,0.246,-0.273,1.3701,0.186,Up
212,212,2001,0.186,1.856,-0.177,0.158,0.246,1.4434,0.09,Up
213,213,2001,0.09,0.186,1.856,-0.177,0.158,1.4545,-0.314,Down
214,214,2001,-0.314,0.09,0.186,1.856,-0.177,1.3374,1.09,Up
215,215,2001,1.09,-0.314,0.09,0.186,1.856,1.3168,-0.73,Down
216,216,2001,-0.73,1.09,-0.314,0.09,0.186,1.3302,-0.493,Down
217,217,2001,-0.493,-0.73,1.09,-0.314,0.09,1.0293,1.171,Up
218,218,2001,1.171,-0.493,-0.73,1.09,-0.314,0.4103,0.615,Up
219,219,2001,0.615,1.171,-0.493,-0.73,1.09,1.1298,-0.684,Down
220,220,2001,-0.684,0.615,1.171,-0.493,-0.73,1.288,-1.825,Down
221,221,2001,-1.825,-0.684,0.615,1.171,-0.493,1.4237,1.035,Up
222,222,2001,1.035,-1.825,-0.684,0.615,1.171,1.3757,-0.066,Down
223,223,2001,-0.066,1.035,-1.825,-0.684,0.615,1.3436,-0.838,Down
224,224,2001,-0.838,-0.066,1.035,-1.825,-0.684,1.2029,1.319,Up
225,225,2001,1.319,-0.838,-0.066,1.035,-1.825,1.3185,2.232,Up
226,226,2001,2.232,1.319,-0.838,-0.066,1.035,1.7653,-0.278,Down
227,227,2001,-0.278,2.232,1.319,-0.838,-0.066,1.4879,-0.753,Down
228,228,2001,-0.753,-0.278,2.232,1.319,-0.838,1.2482,-1.587,Down
229,229,2001,-1.587,-0.753,-0.278,2.232,1.319,1.2187,-0.278,Down
230,230,2001,-0.278,-1.587,-0.753,-0.278,2.232,1.3672,0.027,Up
231,231,2001,0.027,-0.278,-1.587,-0.753,-0.278,1.4497,-1.556,Down
232,232,2001,-1.556,0.027,-0.278,-1.587,-0.753,1.5115,0.331,Up
233,233,2001,0.331,-1.556,0.027,-0.278,-1.587,1.3068,1.003,Up
234,234,2001,1.003,0.331,-1.556,0.027,-0.278,1.2604,0.755,Up
235,235,2001,0.755,1.003,0.331,-1.556,0.027,1.354,0.581,Up
236,236,2001,0.581,0.755,1.003,0.331,-1.556,1.4849,-0.838,Down
237,237,2001,-0.838,0.581,0.755,1.003,0.331,1.4905,0.435,Up
238,238,2001,0.435,-0.838,0.581,0.755,1.003,1.694,-0.021,Down
239,239,2001,-0.021,0.435,-0.838,0.581,0.755,0.43967,0.412,Up
240,240,2001,0.412,-0.021,0.435,-0.838,0.581,0.7911,0.675,Up
241,241,2001,0.675,0.412,-0.021,0.435,-0.838,0.8763,0.336,Up
242,242,2001,0.336,0.675,0.412,-0.021,0.435,0.9174,-1.115,Down
243,1,2002,-1.115,0.336,0.675,0.412,-0.021,0.9436,0.574,Up
244,2,2002,0.574,-1.115,0.336,0.675,0.412,1.171,0.918,Up
245,3,2002,0.918,0.574,-1.115,0.336,0.675,1.3989,0.621,Up
246,4,2002,0.621,0.918,0.574,-1.115,0.336,1.513,-0.65,Down
247,5,2002,-0.65,0.621,0.918,0.574,-1.115,1.3083,-0.359,Down
248,6,2002,-0.359,-0.65,0.621,0.918,0.574,1.2588,-0.48,Down
249,7,2002,-0.48,-0.359,-0.65,0.621,0.918,1.452,0.122,Up
250,8,2002,0.122,-0.48,-0.359,-0.65,0.621,1.299,-0.947,Down
251,9,2002,-0.947,0.122,-0.48,-0.359,-0.65,1.2119,-0.628,Down
252,10,2002,-0.628,-0.947,0.122,-0.48,-0.359,1.2864,0.683,Up
253,11,2002,0.683,-0.628,-0.947,0.122,-0.48,1.3869,-1.625,Down
254,12,2002,-1.625,0.683,-0.628,-0.947,0.122,1.4825,1.003,Up
255,13,2002,1.003,-1.625,0.683,-0.628,-0.947,1.3801,-0.992,Down
256,14,2002,-0.992,1.003,-1.625,0.683,-0.628,1.3333,-0.733,Down
257,15,2002,-0.733,-0.992,1.003,-1.625,0.683,1.3116,0.792,Up
258,16,2002,0.792,-0.733,-0.992,1.003,-1.625,1.4792,0.352,Up
259,17,2002,0.352,0.792,-0.733,-0.992,1.003,1.5528,0.1,Up
260,18,2002,0.1,0.352,0.792,-0.733,-0.992,1.3451,-0.019,Down
261,19,2002,-0.019,0.1,0.352,0.792,-0.733,1.1868,-2.861,Down
262,20,2002,-2.861,-0.019,0.1,0.352,0.792,1.812,1.175,Up
263,21,2002,1.175,-2.861,-0.019,0.1,0.352,2.0196,1.493,Up
264,22,2002,1.493,1.175,-2.861,-0.019,0.1,1.557,-0.708,Down
265,23,2002,-0.708,1.493,1.175,-2.861,-0.019,1.3672,-2.474,Down
266,24,2002,-2.474,-0.708,1.493,1.175,-2.861,1.4376,-0.404,Down
267,25,2002,-0.404,-2.474,-0.708,1.493,1.175,1.7783,-0.597,Down
268,26,2002,-0.597,-0.404,-2.474,-0.708,1.493,1.6658,-0.308,Down
269,27,2002,-0.308,-0.597,-0.404,-2.474,-0.708,1.4416,1.486,Up
270,28,2002,1.486,-0.308,-0.597,-0.404,-2.474,1.3719,1.434,Up
271,29,2002,1.434,1.486,-0.308,-0.597,-0.404,1.1594,-0.399,Down
272,30,2002,-0.399,1.434,1.486,-0.308,-0.597,1.0942,0.994,Up
273,31,2002,0.994,-0.399,1.434,1.486,-0.308,1.2159,-0.181,Down
274,32,2002,-0.181,0.994,-0.399,1.434,1.486,1.2725,-1.102,Down
275,33,2002,-1.102,-0.181,0.994,-0.399,1.434,1.3592,-1.887,Down
276,34,2002,-1.887,-1.102,-0.181,0.994,-0.399,1.1899,1.351,Up
277,35,2002,1.351,-1.887,-1.102,-0.181,0.994,1.4389,-1.551,Down
278,36,2002,-1.551,1.351,-1.887,-1.102,-0.181,1.3816,0.822,Up
279,37,2002,0.822,-1.551,1.351,-1.887,-1.102,1.411,1.798,Up
280,38,2002,1.798,0.822,-1.551,1.351,-1.887,1.3674,-0.005,Down
281,39,2002,-0.005,1.798,0.822,-1.551,1.351,1.3092,0.046,Up
282,40,2002,0.046,-0.005,1.798,0.822,-1.551,1.3938,-0.285,Down
283,41,2002,-0.285,0.046,-0.005,1.798,0.822,1.3922,2.263,Up
284,42,2002,2.263,-0.285,0.046,-0.005,1.798,1.4565,1.949,Up
285,43,2002,1.949,2.263,-0.285,0.046,-0.005,1.5943,-0.667,Down
286,44,2002,-0.667,1.949,2.263,-0.285,0.046,1.5493,1.451,Up
287,45,2002,1.451,-0.667,1.949,2.263,-0.285,1.5413,-0.45,Down
288,46,2002,-0.45,1.451,-0.667,1.949,2.263,1.5174,0.585,Up
289,47,2002,0.585,-0.45,1.451,-0.667,1.949,1.412,0.339,Up
290,48,2002,0.339,0.585,-0.45,1.451,-0.667,1.2102,-0.229,Down
291,49,2002,-0.229,0.339,0.585,-0.45,1.451,1.3044,-0.986,Down
292,50,2002,-0.986,-0.229,0.339,0.585,-0.45,1.354,-0.091,Down
293,51,2002,-0.091,-0.986,-0.229,0.339,0.585,1.2088,1.138,Up
294,52,2002,1.138,-0.091,-0.986,-0.229,0.339,1.4939,-0.052,Down
295,53,2002,-0.052,1.138,-0.091,-0.986,-0.229,1.1695,0.407,Up
296,54,2002,0.407,-0.052,1.138,-0.091,-0.986,1.255,-1.576,Down
297,55,2002,-1.576,0.407,-0.052,1.138,-0.091,1.3049,0.151,Up
298,56,2002,0.151,-1.576,0.407,-0.052,1.138,1.3392,-0.424,Down
299,57,2002,-0.424,0.151,-1.576,0.407,-0.052,1.2433,-1.465,Down
300,58,2002,-1.465,-0.424,0.151,-1.576,0.407,1.0579,0.585,Up
301,59,2002,0.585,-1.465,-0.424,0.151,-1.576,1.2236,0.535,Up
302,60,2002,0.535,0.585,-1.465,-0.424,0.151,1.1801,0.246,Up
303,61,2002,0.246,0.535,0.585,-1.465,-0.424,1.1476,-0.074,Down
304,62,2002,-0.074,0.246,0.535,0.585,-1.465,1.0509,-0.853,Down
305,63,2002,-0.853,-0.074,0.246,0.535,0.585,1.1767,-0.999,Down
306,64,2002,-0.999,-0.853,-0.074,0.246,0.535,1.2197,0.084,Up
307,65,2002,0.084,-0.999,-0.853,-0.074,0.246,1.2838,-0.321,Down
308,66,2002,-0.321,0.084,-0.999,-0.853,-0.074,1.1102,0.228,Up
309,67,2002,0.228,-0.321,0.084,-0.999,-0.853,1.0953,-0.666,Down
310,68,2002,-0.666,0.228,-0.321,0.084,-0.999,1.2354,1.133,Up
311,69,2002,1.133,-0.666,0.228,-0.321,0.084,1.4479,-2.369,Down
312,70,2002,-2.369,1.133,-0.666,0.228,-0.321,1.5056,0.663,Up
313,71,2002,0.663,-2.369,1.133,-0.666,0.228,1.2821,-0.761,Down
314,72,2002,-0.761,0.663,-2.369,1.133,-0.666,1.1204,2.342,Up
315,73,2002,2.342,-0.761,0.663,-2.369,1.133,1.3413,-0.204,Down
316,74,2002,-0.204,2.342,-0.761,0.663,-2.369,1.3769,-0.142,Down
317,75,2002,-0.142,-0.204,2.342,-0.761,0.663,1.3593,0.062,Up
318,76,2002,0.062,-0.142,-0.204,2.342,-0.761,1.185,-1.541,Down
319,77,2002,-1.541,0.062,-0.142,-0.204,2.342,1.1818,-0.62,Down
320,78,2002,-0.62,-1.541,0.062,-0.142,-0.204,1.3885,-0.71,Down
321,79,2002,-0.71,-0.62,-1.541,0.062,-0.142,1.3732,-0.152,Down
322,80,2002,-0.152,-0.71,-0.62,-1.541,0.062,1.5174,-1.389,Down
323,81,2002,-1.389,-0.152,-0.71,-0.62,-1.541,1.3742,-1.01,Down
324,82,2002,-1.01,-1.389,-0.152,-0.71,-0.62,1.3147,1.077,Up
325,83,2002,1.077,-1.01,-1.389,-0.152,-0.71,1.6286,0.886,Up
326,84,2002,0.886,1.077,-1.01,-1.389,-0.152,1.4514,-0.175,Down
327,85,2002,-0.175,0.886,1.077,-1.01,-1.389,1.364,-1.026,Down
328,86,2002,-1.026,-0.175,0.886,1.077,-1.01,1.2845,-1.934,Down
329,87,2002,-1.934,-1.026,-0.175,0.886,1.077,1.1226,-0.302,Down
330,88,2002,-0.302,-1.934,-1.026,-0.175,0.886,1.3547,3.75,Up
331,89,2002,3.75,-0.302,-1.934,-1.026,-0.175,1.502,-1.455,Down
332,90,2002,-1.455,3.75,-0.302,-1.934,-1.026,1.153,-1.679,Down
333,91,2002,-1.679,-1.455,3.75,-0.302,-1.934,1.1719,1.855,Up
334,92,2002,1.855,-1.679,-1.455,3.75,-0.302,1.0886,2.114,Up
335,93,2002,2.114,1.855,-1.679,-1.455,3.75,1.4145,-0.566,Down
336,94,2002,-0.566,2.114,1.855,-1.679,-1.455,1.4202,0.656,Up
337,95,2002,0.656,-0.566,2.114,1.855,-1.679,1.2566,0.761,Up
338,96,2002,0.761,0.656,-0.566,2.114,1.855,1.2744,-1.329,Down
339,97,2002,-1.329,0.761,0.656,-0.566,2.114,0.9898,-1.099,Down
340,98,2002,-1.099,-1.329,0.761,0.656,-0.566,1.2005,0.569,Up
341,99,2002,0.569,-1.099,-1.329,0.761,0.656,1.1363,1.018,Up
342,100,2002,1.018,0.569,-1.099,-1.329,0.761,1.1929,-1.209,Down
343,101,2002,-1.209,1.018,0.569,-1.099,-1.329,0.8854,-0.855,Down
344,102,2002,-0.855,-1.209,1.018,0.569,-1.099,0.9965,-0.641,Down
345,103,2002,-0.641,-0.855,-1.209,1.018,0.569,1.0818,-0.281,Down
346,104,2002,-0.281,-0.641,-0.855,-1.209,1.018,1.2866,0.233,Up
347,105,2002,0.233,-0.281,-0.641,-0.855,-1.209,1.2773,-2.48,Down
348,106,2002,-2.48,0.233,-0.281,-0.641,-0.855,1.3243,0.001,Up
349,107,2002,0.001,-2.48,0.233,-0.281,-0.641,1.4666,0.885,Up
350,108,2002,0.885,0.001,-2.48,0.233,-0.281,1.3001,-1.976,Down
351,109,2002,-1.976,0.885,0.001,-2.48,0.233,1.6015,-0.157,Down
352,110,2002,-0.157,-1.976,0.885,0.001,-2.48,1.3413,0.312,Up
353,111,2002,0.312,-0.157,-1.976,0.885,0.001,1.2262,-1.663,Down
354,112,2002,-1.663,0.312,-0.157,-1.976,0.885,1.2124,0.657,Up
355,113,2002,0.657,-1.663,0.312,-0.157,-1.976,1.79572,-1.049,Down
356,114,2002,-1.049,0.657,-1.663,0.312,-0.157,1.4055,-0.227,Down
357,115,2002,-0.227,-1.049,0.657,-1.663,0.312,1.549,2.869,Up
358,116,2002,2.869,-0.227,-1.049,0.657,-1.663,1.2366,0.094,Up
359,117,2002,0.094,2.869,-0.227,-1.049,0.657,1.1931,-1.654,Down
360,118,2002,-1.654,0.094,2.869,-0.227,-1.049,1.3361,-1.343,Down
361,119,2002,-1.343,-1.654,0.094,2.869,-0.227,1.3897,-1.704,Down
362,120,2002,-1.704,-1.343,-1.654,0.094,2.869,1.4972,0.362,Up
363,121,2002,0.362,-1.704,-1.343,-1.654,0.094,1.5526,-1.67,Down
364,122,2002,-1.67,0.362,-1.704,-1.343,-1.654,1.5137,-0.267,Down
365,123,2002,-0.267,-1.67,0.362,-1.704,-1.343,2.01429,1.758,Up
366,124,2002,1.758,-0.267,-1.67,0.362,-1.704,1.9086,-0.083,Down
367,125,2002,-0.083,1.758,-0.267,-1.67,0.362,2.117,-2.139,Down
368,126,2002,-2.139,-0.083,1.758,-0.267,-1.67,1.4255,-2.123,Down
369,127,2002,-2.123,-2.139,-0.083,1.758,-0.267,1.823,0.622,Up
370,128,2002,0.622,-2.123,-2.139,-0.083,1.758,1.5278,3.673,Up
371,129,2002,3.673,0.622,-2.123,-2.139,-0.083,0.6994,-1.218,Down
372,130,2002,-1.218,3.673,0.622,-2.123,-2.139,1.1844,-2.472,Down
373,131,2002,-2.472,-1.218,3.673,0.622,-2.123,1.3489,-3.396,Down
374,132,2002,-3.396,-2.472,-1.218,3.673,0.622,1.8169,0.75,Up
375,133,2002,0.75,-3.396,-2.472,-1.218,3.673,2.08048,-0.645,Down
376,134,2002,-0.645,0.75,-3.396,-2.472,-1.218,1.6074,-0.376,Down
377,135,2002,-0.376,-0.645,0.75,-3.396,-2.472,2.5748,-1.851,Down
378,136,2002,-1.851,-0.376,-0.645,0.75,-3.396,1.8437,0.566,Up
379,137,2002,0.566,-1.851,-0.376,-0.645,0.75,2.5665,-2.702,Down
380,138,2002,-2.702,0.566,-1.851,-0.376,-0.645,1.7363,-3.835,Down
381,139,2002,-3.835,-2.702,0.566,-1.851,-0.376,2.6541,-3.291,Down
382,140,2002,-3.291,-3.835,-2.702,0.566,-1.851,2.24806,-2.702,Down
383,141,2002,-2.702,-3.291,-3.835,-2.702,0.566,2.44102,5.733,Up
384,142,2002,5.733,-2.702,-3.291,-3.835,-2.702,2.77556,-0.563,Down
385,143,2002,-0.563,5.733,-2.702,-3.291,-3.835,2.4247,1.688,Up
386,144,2002,1.688,-0.563,5.733,-2.702,-3.291,1.7961,5.408,Up
387,145,2002,5.408,1.688,-0.563,5.733,-2.702,1.77865,0.425,Up
388,146,2002,0.425,5.408,1.688,-0.563,5.733,1.82609,0.979,Up
389,147,2002,0.979,0.425,5.408,1.688,-0.563,2.04936,-2.957,Down
390,148,2002,-2.957,0.979,0.425,5.408,1.688,1.6722,-2.308,Down
391,149,2002,-2.308,-2.957,0.979,0.425,5.408,1.5381,-3.43,Down
392,150,2002,-3.43,-2.308,-2.957,0.979,0.425,1.4255,2.992,Up
393,151,2002,2.992,-3.43,-2.308,-2.957,0.979,1.5141,2.001,Up
394,152,2002,2.001,2.992,-3.43,-2.308,-2.957,1.4904,3.272,Up
395,153,2002,3.272,2.001,2.992,-3.43,-2.308,1.6467,0.351,Up
396,154,2002,0.351,3.272,2.001,2.992,-3.43,1.2949,-0.533,Down
397,155,2002,-0.533,0.351,3.272,2.001,2.992,1.0365,-2.168,Down
398,156,2002,-2.168,-0.533,0.351,3.272,2.001,1.2977,4.005,Up
399,157,2002,4.005,-2.168,-0.533,0.351,3.272,1.5338,1.156,Up
400,158,2002,1.156,4.005,-2.168,-0.533,0.351,1.5051,-0.159,Down
401,159,2002,-0.159,1.156,4.005,-2.168,-0.533,1.2653,2.361,Up
402,160,2002,2.361,-0.159,1.156,4.005,-2.168,1.2998,-1.396,Down
403,161,2002,-1.396,2.361,-0.159,1.156,4.005,1.3085,1.273,Up
404,162,2002,1.273,-1.396,2.361,-0.159,1.156,1.3531,1.405,Up
405,163,2002,1.405,1.273,-1.396,2.361,-0.159,1.373,-2.269,Down
406,164,2002,-2.269,1.405,1.273,-1.396,2.361,1.0715,0.754,Up
407,165,2002,0.754,-2.269,1.405,1.273,-1.396,1.0169,-1.385,Down
408,166,2002,-1.385,0.754,-2.269,1.405,1.273,1.3077,-1.813,Down
409,167,2002,-1.813,-1.385,0.754,-2.269,1.405,1.1466,-0.008,Down
410,168,2002,-0.008,-1.813,-1.385,0.754,-2.269,1.2711,-0.188,Down
411,169,2002,-0.188,-0.008,-1.813,-1.385,0.754,0.9299,-4.154,Down
412,170,2002,-4.154,-0.188,-0.008,-1.813,-1.385,1.2898,1.752,Up
413,171,2002,1.752,-4.154,-0.188,-0.008,-1.813,1.3721,-1.595,Down
414,172,2002,-1.595,1.752,-4.154,-0.188,-0.008,1.4013,1.68,Up
415,173,2002,1.68,-1.595,1.752,-4.154,-0.188,1.1845,1.011,Up
416,174,2002,1.011,1.68,-1.595,1.752,-4.154,1.1306,0.733,Up
417,175,2002,0.733,1.011,1.68,-1.595,1.752,1.1864,-0.014,Down
418,176,2002,-0.014,0.733,1.011,1.68,-1.595,0.8466,-2.478,Down
419,177,2002,-2.478,-0.014,0.733,1.011,1.68,1.1916,0.327,Up
420,178,2002,0.327,-2.478,-0.014,0.733,1.011,1.271,0.145,Up
421,179,2002,0.145,0.327,-2.478,-0.014,0.733,1.0014,-1.973,Down
422,180,2002,-1.973,0.145,0.327,-2.478,-0.014,1.4486,-0.465,Down
423,181,2002,-0.465,-1.973,0.145,0.327,-2.478,1.501,-3.006,Down
424,182,2002,-3.006,-0.465,-1.973,0.145,0.327,1.524,0.245,Up
425,183,2002,0.245,-3.006,-0.465,-1.973,0.145,1.7928,-1.383,Down
426,184,2002,-1.383,0.245,-3.006,-0.465,-1.973,1.3811,-1.728,Down
427,185,2002,-1.728,-1.383,0.245,-3.006,-0.465,1.67024,2.486,Up
428,186,2002,2.486,-1.728,-1.383,0.245,-3.006,1.6515,1.821,Up
429,187,2002,1.821,2.486,-1.728,-1.383,0.245,1.65,-3.226,Down
430,188,2002,-3.226,1.821,2.486,-1.728,-1.383,1.5073,-1.461,Down
431,189,2002,-1.461,-3.226,1.821,2.486,-1.728,1.72187,4.002,Up
432,190,2002,4.002,-1.461,-3.226,1.821,2.486,1.7809,-2.359,Down
433,191,2002,-2.359,4.002,-1.461,-3.226,1.821,1.6689,-1.082,Down
434,192,2002,-1.082,-2.359,4.002,-1.461,-3.226,1.6745,-2.243,Down
435,193,2002,-2.243,-1.082,-2.359,4.002,-1.461,1.83593,-1.911,Down
436,194,2002,-1.911,-2.243,-1.082,-2.359,4.002,1.5765,1.69,Up
437,195,2002,1.69,-1.911,-2.243,-1.082,-2.359,1.93843,-2.729,Down
438,196,2002,-2.729,1.69,-1.911,-2.243,-1.082,1.88503,3.497,Up
439,197,2002,3.497,-2.729,1.69,-1.911,-2.243,2.09023,3.906,Up
440,198,2002,3.906,3.497,-2.729,1.69,-1.911,1.85413,0.733,Up
441,199,2002,0.733,3.906,3.497,-2.729,1.69,1.2003,4.734,Up
442,200,2002,4.734,0.733,3.906,3.497,-2.729,1.956,-2.411,Down
443,201,2002,-2.411,4.734,0.733,3.906,3.497,1.585,2.23,Up
444,202,2002,2.23,-2.411,4.734,0.733,3.906,1.78039,0.59,Up
445,203,2002,0.59,2.23,-2.411,4.734,0.733,1.4231,1.733,Up
446,204,2002,1.733,0.59,2.23,-2.411,4.734,1.447,-1.063,Down
447,205,2002,-1.063,1.733,0.59,2.23,-2.411,1.5492,0.672,Up
448,206,2002,0.672,-1.063,1.733,0.59,2.23,1.5939,-1.522,Down
449,207,2002,-1.522,0.672,-1.063,1.733,0.59,1.70057,1.717,Up
450,208,2002,1.717,-1.522,0.672,-1.063,1.733,1.3404,-0.827,Down
451,209,2002,-0.827,1.717,-1.522,0.672,-1.063,1.3826,-0.908,Down
452,210,2002,-0.908,-0.827,1.717,-1.522,0.672,1.5297,0.97,Up
453,211,2002,0.97,-0.908,-0.827,1.717,-1.522,1.4223,-0.556,Down
454,212,2002,-0.556,0.97,-0.908,-0.827,1.717,1.6413,1.716,Up
455,213,2002,1.716,-0.556,0.97,-0.908,-0.827,1.4504,0.82,Up
456,214,2002,0.82,1.716,-0.556,0.97,-0.908,1.6459,0.775,Up
457,215,2002,0.775,0.82,1.716,-0.556,0.97,1.3541,0.914,Up
458,216,2002,0.914,0.775,0.82,1.716,-0.556,1.674,-2.285,Down
459,217,2002,-2.285,0.914,0.775,0.82,1.716,1.4669,-0.876,Down
460,218,2002,-0.876,-2.285,0.914,0.775,0.82,1.4465,-2.073,Down
461,219,2002,-2.073,-0.876,-2.285,0.914,0.775,1.113,0.772,Up
462,220,2002,0.772,-2.073,-0.876,-2.285,0.914,1.3771,-0.048,Down
463,221,2002,-0.048,0.772,-2.073,-0.876,-2.285,1.4634,2.463,Up
464,222,2002,2.463,-0.048,0.772,-2.073,-0.876,1.519,0.615,Up
465,223,2002,0.615,2.463,-0.048,0.772,-2.073,1.4001,-1.041,Down
466,224,2002,-1.041,0.615,2.463,-0.048,0.772,1.2826,-0.402,Down
467,225,2002,-0.402,-1.041,0.615,2.463,-0.048,1.3374,1.941,Up
468,226,2002,1.941,-0.402,-1.041,0.615,2.463,1.5173,2.145,Up
469,227,2002,2.145,1.941,-0.402,-1.041,0.615,2.4151,-0.344,Down
470,228,2002,-0.344,2.145,1.941,-0.402,-1.041,1.6268,0.249,Up
471,229,2002,0.249,-0.344,2.145,1.941,-0.402,1.574,-2.097,Down
472,230,2002,-2.097,0.249,-0.344,2.145,1.941,1.5436,2.799,Up
473,231,2002,2.799,-2.097,0.249,-0.344,2.145,1.3503,-0.273,Down
474,232,2002,-0.273,2.799,-2.097,0.249,-0.344,0.64346,-0.19,Down
475,233,2002,-0.19,-0.273,2.799,-2.097,0.249,1.612,-1.475,Down
476,234,2002,-1.475,-0.19,-0.273,2.799,-2.097,1.4884,-0.344,Down
477,235,2002,-0.344,-1.475,-0.19,-0.273,2.799,1.5889,-1.202,Down
478,236,2002,-1.202,-0.344,-1.475,-0.19,-0.273,1.2502,0.627,Up
479,237,2002,0.627,-1.202,-0.344,-1.475,-0.19,1.2411,-2.218,Down
480,238,2002,-2.218,0.627,-1.202,-0.344,-1.475,1.3208,1.396,Up
481,239,2002,1.396,-2.218,0.627,-1.202,-0.344,1.2866,0.056,Up
482,240,2002,0.056,1.396,-2.218,0.627,-1.202,1.2851,-0.373,Down
483,241,2002,-0.373,0.056,1.396,-2.218,0.627,1.2553,-1.342,Down
484,242,2002,-1.342,-0.373,0.056,1.396,-2.218,1.3308,2.352,Up
485,243,2002,2.352,-1.342,-0.373,0.056,1.396,1.2716,-0.814,Down
486,244,2002,-0.814,2.352,-1.342,-0.373,0.056,1.2518,-1.315,Down
487,245,2002,-1.315,-0.814,2.352,-1.342,-0.373,1.4462,-0.771,Down
488,246,2002,-0.771,-1.315,-0.814,2.352,-1.342,1.3859,1.302,Up
489,247,2002,1.302,-0.771,-1.315,-0.814,2.352,1.78273,0.181,Up
490,248,2002,0.181,1.302,-0.771,-1.315,-0.814,1.1121,-0.547,Down
491,249,2002,-0.547,0.181,1.302,-0.771,-1.315,0.45831,-0.315,Down
492,250,2002,-0.315,-0.547,0.181,1.302,-0.771,0.7211,-1.603,Down
493,251,2002,-1.603,-0.315,-0.547,0.181,1.302,0.7584,0.456,Up
494,252,2002,0.456,-1.603,-0.315,-0.547,0.181,1.0578,0.049,Up
495,1,2003,0.049,0.456,-1.603,-0.315,-0.547,1.0885,3.32,Up
496,2,2003,3.32,0.049,0.456,-1.603,-0.315,1.2292,-0.048,Down
497,3,2003,-0.048,3.32,0.049,0.456,-1.603,1.1308,2.247,Up
498,4,2003,2.247,-0.048,3.32,0.049,0.456,1.4359,-0.654,Down
499,5,2003,-0.654,2.247,-0.048,3.32,0.049,1.5452,-1.409,Down
500,6,2003,-1.409,-0.654,2.247,-0.048,3.32,1.4676,1.939,Up
501,7,2003,1.939,-1.409,-0.654,2.247,-0.048,1.5603,0,Up
502,8,2003,0,1.939,-1.409,-0.654,2.247,1.4854,-0.141,Down
503,9,2003,-0.141,0,1.939,-1.409,-0.654,1.3963,0.583,Up
504,10,2003,0.583,-0.141,0,1.939,-1.409,1.3794,-1.443,Down
505,11,2003,-1.443,0.583,-0.141,0,1.939,1.4321,-0.394,Down
506,12,2003,-0.394,-1.443,0.583,-0.141,0,1.5346,-1.402,Down
507,13,2003,-1.402,-0.394,-1.443,0.583,-0.141,1.3582,-1.57,Down
508,14,2003,-1.57,-1.402,-0.394,-1.443,0.583,1.3352,-1.043,Down
509,15,2003,-1.043,-1.57,-1.402,-0.394,-1.443,1.5608,1.022,Up
510,16,2003,1.022,-1.043,-1.57,-1.402,-0.394,1.74455,-2.923,Down
511,17,2003,-2.923,1.022,-1.043,-1.57,-1.402,1.5748,-1.616,Down
512,18,2003,-1.616,-2.923,1.022,-1.043,-1.57,1.4359,1.305,Up
513,19,2003,1.305,-1.616,-2.923,1.022,-1.043,1.4591,0.678,Up
514,20,2003,0.678,1.305,-1.616,-2.923,1.022,1.5954,-2.285,Down
515,21,2003,-2.285,0.678,1.305,-1.616,-2.923,1.5103,1.313,Up
516,22,2003,1.313,-2.285,0.678,1.305,-1.616,1.57853,0.54,Up
517,23,2003,0.54,1.313,-2.285,0.678,1.305,1.2585,-1.409,Down
518,24,2003,-1.409,0.54,1.313,-2.285,0.678,1.4516,-0.544,Down
519,25,2003,-0.544,-1.409,0.54,1.313,-2.285,1.4508,-0.645,Down
520,26,2003,-0.645,-0.544,-1.409,0.54,1.313,1.4309,-1.009,Down
521,27,2003,-1.009,-0.645,-0.544,-1.409,0.54,1.2768,0.757,Up
522,28,2003,0.757,-1.009,-0.645,-0.544,-1.409,1.2382,-0.81,Down
523,29,2003,-0.81,0.757,-1.009,-0.645,-0.544,1.307,-1.269,Down
524,30,2003,-1.269,-0.81,0.757,-1.009,-0.645,1.2605,-0.16,Down
525,31,2003,-0.16,-1.269,-0.81,0.757,-1.009,1.4893,2.143,Up
526,32,2003,2.143,-0.16,-1.269,-0.81,0.757,1.4046,1.95,Up
527,33,2003,1.95,2.143,-0.16,-1.269,-0.81,1.2508,-0.71,Down
528,34,2003,-0.71,1.95,2.143,-0.16,-1.269,1.0756,-0.95,Down
529,35,2003,-0.95,-0.71,1.95,2.143,-0.16,1.1941,1.322,Up
530,36,2003,1.322,-0.95,-0.71,1.95,2.143,1.3982,-1.838,Down
531,37,2003,-1.838,1.322,-0.95,-0.71,1.95,1.2292,0.719,Up
532,38,2003,0.719,-1.838,1.322,-0.95,-0.71,1.4837,-1.314,Down
533,39,2003,-1.314,0.719,-1.838,1.322,-0.95,1.3744,1.176,Up
534,40,2003,1.176,-1.314,0.719,-1.838,1.322,1.2878,0.462,Up
535,41,2003,0.462,1.176,-1.314,0.719,-1.838,1.3733,-0.754,Down
536,42,2003,-0.754,0.462,1.176,-1.314,0.719,1.2089,-1.536,Down
537,43,2003,-1.536,-0.754,0.462,1.176,-1.314,1.2566,0.956,Up
538,44,2003,0.956,-1.536,-0.754,0.462,1.176,1.3327,-0.934,Down
539,45,2003,-0.934,0.956,-1.536,-0.754,0.462,1.2992,0.826,Up
540,46,2003,0.826,-0.934,0.956,-1.536,-0.754,1.3685,-2.583,Down
541,47,2003,-2.583,0.826,-0.934,0.956,-1.536,1.255,-0.836,Down
542,48,2003,-0.836,-2.583,0.826,-0.934,0.956,1.4277,0.432,Up
543,49,2003,0.432,-0.836,-2.583,0.826,-0.934,1.62,3.446,Up
544,50,2003,3.446,0.432,-0.836,-2.583,0.826,1.8163,0.165,Up
545,51,2003,0.165,3.446,0.432,-0.836,-2.583,1.5419,3.543,Up
546,52,2003,3.543,0.165,3.446,0.432,-0.836,1.70042,0.424,Up
547,53,2003,0.424,3.543,0.165,3.446,0.432,1.5551,0.874,Up
548,54,2003,0.874,0.424,3.543,0.165,3.446,1.4734,0.189,Up
549,55,2003,0.189,0.874,0.424,3.543,0.165,1.4391,2.298,Up
550,56,2003,2.298,0.189,0.874,0.424,3.543,1.88371,-3.523,Down
551,57,2003,-3.523,2.298,0.189,0.874,0.424,1.293,1.216,Up
552,58,2003,1.216,-3.523,2.298,0.189,0.874,1.3334,-0.548,Down
553,59,2003,-0.548,1.216,-3.523,2.298,0.189,1.3197,-0.164,Down
554,60,2003,-0.164,-0.548,1.216,-3.523,2.298,1.2329,-0.578,Down
555,61,2003,-0.578,-0.164,-0.548,1.216,-3.523,1.227,-1.774,Down
556,62,2003,-1.774,-0.578,-0.164,-0.548,1.216,1.4955,1.214,Up
557,63,2003,1.214,-1.774,-0.578,-0.164,-0.548,1.4616,2.612,Up
558,64,2003,2.612,1.214,-1.774,-0.578,-0.164,1.5898,-0.505,Down
559,65,2003,-0.505,2.612,1.214,-1.774,-0.578,1.3395,0.274,Up
560,66,2003,0.274,-0.505,2.612,1.214,-1.774,1.2412,0.123,Up
561,67,2003,0.123,0.274,-0.505,2.612,1.214,1.494,-0.186,Down
562,68,2003,-0.186,0.123,0.274,-0.505,2.612,1.2354,-1.4,Down
563,69,2003,-1.4,-0.186,0.123,0.274,-0.505,1.2937,0.646,Up
564,70,2003,0.646,-1.4,-0.186,0.123,0.274,1.2753,-0.376,Down
565,71,2003,-0.376,0.646,-1.4,-0.186,0.123,1.1416,1.95,Up
566,72,2003,1.95,-0.376,0.646,-1.4,-0.186,1.131,0.63,Up
567,73,2003,0.63,1.95,-0.376,0.646,-1.4,1.4602,-1.224,Down
568,74,2003,-1.224,0.63,1.95,-0.376,0.646,1.5876,1.554,Up
569,75,2003,1.554,-1.224,0.63,1.95,-0.376,1.4306,-0.176,Down
570,76,2003,-0.176,1.554,-1.224,0.63,1.95,1.1187,2.17,Up
571,77,2003,2.17,-0.176,1.554,-1.224,0.63,1.6312,0.839,Up
572,78,2003,0.839,2.17,-0.176,1.554,-1.224,1.6672,-0.826,Down
573,79,2003,-0.826,0.839,2.17,-0.176,1.554,1.6481,-1.385,Down
574,80,2003,-1.385,-0.826,0.839,2.17,-0.176,1.3358,1.783,Up
575,81,2003,1.783,-1.385,-0.826,0.839,2.17,1.273,0.328,Up
576,82,2003,0.328,1.783,-1.385,-0.826,0.839,1.5256,-0.1,Down
577,83,2003,-0.1,0.328,1.783,-1.385,-0.826,1.78851,-0.068,Down
578,84,2003,-0.068,-0.1,0.328,1.783,-1.385,1.3975,1.504,Up
579,85,2003,1.504,-0.068,-0.1,0.328,1.783,1.5543,-0.38,Down
580,86,2003,-0.38,1.504,-0.068,-0.1,0.328,1.4463,0.846,Up
581,87,2003,0.846,-0.38,1.504,-0.068,-0.1,1.6496,-0.51,Down
582,88,2003,-0.51,0.846,-0.38,1.504,-0.068,1.5319,-1.006,Down
583,89,2003,-1.006,-0.51,0.846,-0.38,1.504,1.3796,1.428,Up
584,90,2003,1.428,-1.006,-0.51,0.846,-0.38,1.3261,1.253,Up
585,91,2003,1.253,1.428,-1.006,-0.51,0.846,1.3788,-0.297,Down
586,92,2003,-0.297,1.253,1.428,-1.006,-0.51,1.4181,-0.32,Down
587,93,2003,-0.32,-0.297,1.253,1.428,-1.006,1.4018,0.787,Up
588,94,2003,0.787,-0.32,-0.297,1.253,1.428,1.5087,-0.25,Down
589,95,2003,-0.25,0.787,-0.32,-0.297,1.253,1.5055,-2.492,Down
590,96,2003,-2.492,-0.25,0.787,-0.32,-0.297,1.3757,-0.113,Down
591,97,2003,-0.113,-2.492,-0.25,0.787,-0.32,1.5053,0.401,Up
592,98,2003,0.401,-0.113,-2.492,-0.25,0.787,1.4578,0.915,Up
593,99,2003,0.915,0.401,-0.113,-2.492,-0.25,1.4485,0.145,Up
594,100,2003,0.145,0.915,0.401,-0.113,-2.492,1.201,1.957,Up
595,101,2003,1.957,0.145,0.915,0.401,-0.113,1.532,0.183,Up
596,102,2003,0.183,1.957,0.145,0.915,0.401,1.559,-0.376,Down
597,103,2003,-0.376,0.183,1.957,0.145,0.915,1.6858,1.469,Up
598,104,2003,1.469,-0.376,0.183,1.957,0.145,1.6888,0.354,Up
599,105,2003,0.354,1.469,-0.376,0.183,1.957,1.6625,0.472,Up
600,106,2003,0.472,0.354,1.469,-0.376,0.183,1.4502,1.511,Up
601,107,2003,1.511,0.472,0.354,1.469,-0.376,1.6187,0.395,Up
602,108,2003,0.395,1.511,0.472,0.354,1.469,1.6931,-0.24,Down
603,109,2003,-0.24,0.395,1.511,0.472,0.354,1.8372,-1.198,Down
604,110,2003,-1.198,-0.24,0.395,1.511,0.472,1.307,0.913,Up
605,111,2003,0.913,-1.198,-0.24,0.395,1.511,1.2754,1.283,Up
606,112,2003,1.283,0.913,-1.198,-0.24,0.395,1.52,0.103,Up
607,113,2003,0.103,1.283,0.913,-1.198,-0.24,1.5531,-0.991,Down
608,114,2003,-0.991,0.103,1.283,0.913,-1.198,1.2716,2.238,Up
609,115,2003,2.238,-0.991,0.103,1.283,0.913,1.3459,0.091,Up
610,116,2003,0.091,2.238,-0.991,0.103,1.283,1.4797,-0.155,Down
611,117,2003,-0.155,0.091,2.238,-0.991,0.103,1.4889,-1.524,Down
612,118,2003,-1.524,-0.155,0.091,2.238,-0.991,1.5301,0.1,Up
613,119,2003,0.1,-1.524,-0.155,0.091,2.238,1.698,-1.411,Down
614,120,2003,-1.411,0.1,-1.524,-0.155,0.091,1.3981,0.184,Up
615,121,2003,0.184,-1.411,0.1,-1.524,-0.155,1.3883,-0.827,Down
616,122,2003,-0.827,0.184,-1.411,0.1,-1.524,1.4592,1.077,Up
617,123,2003,1.077,-0.827,0.184,-1.411,0.1,1.3874,-0.974,Down
618,124,2003,-0.974,1.077,-0.827,0.184,-1.411,1.2678,-0.176,Down
619,125,2003,-0.176,-0.974,1.077,-0.827,0.184,1.5872,0.802,Up
620,126,2003,0.802,-0.176,-0.974,1.077,-0.827,1.4602,1.164,Up
621,127,2003,1.164,0.802,-0.176,-0.974,1.077,1.5193,-0.81,Down
622,128,2003,-0.81,1.164,0.802,-0.176,-0.974,0.7759,1.899,Up
623,129,2003,1.899,-0.81,1.164,0.802,-0.176,1.4291,0.34,Up
624,130,2003,0.34,1.899,-0.81,1.164,0.802,1.5657,-0.559,Down
625,131,2003,-0.559,0.34,1.899,-0.81,1.164,1.618,-1.348,Down
626,132,2003,-1.348,-0.559,0.34,1.899,-0.81,1.4657,0.955,Up
627,133,2003,0.955,-1.348,-0.559,0.34,1.899,1.2127,0.573,Up
628,134,2003,0.573,0.955,-1.348,-0.559,0.34,1.4489,-0.343,Down
629,135,2003,-0.343,0.573,0.955,-1.348,-0.559,1.5186,-0.633,Down
630,136,2003,-0.633,-0.343,0.573,0.955,-1.348,1.662,-1.243,Down
631,137,2003,-1.243,-0.633,-0.343,0.573,0.955,1.6614,1.181,Up
632,138,2003,1.181,-1.243,-0.633,-0.343,0.573,1.3652,-1.462,Down
633,139,2003,-1.462,1.181,-1.243,-0.633,-0.343,1.2542,0.951,Up
634,140,2003,0.951,-1.462,1.181,-1.243,-0.633,1.4397,0.051,Up
635,141,2003,0.051,0.951,-1.462,1.181,-1.243,1.3627,-0.709,Down
636,142,2003,-0.709,0.051,0.951,-1.462,1.181,1.559,1.74,Up
637,143,2003,1.74,-0.709,0.051,0.951,-1.462,1.3975,-0.216,Down
638,144,2003,-0.216,1.74,-0.709,0.051,0.951,1.3286,-0.727,Down
639,145,2003,-0.727,-0.216,1.74,-0.709,0.051,1.5089,-0.181,Down
640,146,2003,-0.181,-0.727,-0.216,1.74,-0.709,1.3919,0.286,Up
641,147,2003,0.286,-0.181,-0.727,-0.216,1.74,1.608,-1.026,Down
642,148,2003,-1.026,0.286,-0.181,-0.727,-0.216,1.3906,0.272,Up
643,149,2003,0.272,-1.026,0.286,-0.181,-0.727,1.3187,-1.766,Down
644,150,2003,-1.766,0.272,-1.026,0.286,-0.181,1.3517,0.168,Up
645,151,2003,0.168,-1.766,0.272,-1.026,0.286,1.491,0.728,Up
646,152,2003,0.728,0.168,-1.766,0.272,-1.026,1.3893,0.356,Up
647,153,2003,0.356,0.728,0.168,-1.766,0.272,1.0866,0.307,Up
648,154,2003,0.307,0.356,0.728,0.168,-1.766,1.0222,0.995,Up
649,155,2003,0.995,0.307,0.356,0.728,0.168,1.1323,-0.638,Down
650,156,2003,-0.638,0.995,0.307,0.356,0.728,1.2088,0.659,Up
651,157,2003,0.659,-0.638,0.995,0.307,0.356,1.1868,0.016,Up
652,158,2003,0.016,0.659,-0.638,0.995,0.307,0.63637,0.916,Up
653,159,2003,0.916,0.016,0.659,-0.638,0.995,1.1276,0.261,Up
654,160,2003,0.261,0.916,0.016,0.659,-0.638,1.3006,-0.205,Down
655,161,2003,-0.205,0.261,0.916,0.016,0.659,1.2108,0.297,Up
656,162,2003,0.297,-0.205,0.261,0.916,0.016,1.4071,-1.018,Down
657,163,2003,-1.018,0.297,-0.205,0.261,0.916,1.3089,0.065,Up
658,164,2003,0.065,-1.018,0.297,-0.205,0.261,0.9717,0.304,Up
659,165,2003,0.304,0.065,-1.018,0.297,-0.205,1.1787,0.006,Up
660,166,2003,0.006,0.304,0.065,-1.018,0.297,1.0514,0.607,Up
661,167,2003,0.607,0.006,0.304,0.065,-1.018,1.1652,0.516,Up
662,168,2003,0.516,0.607,0.006,0.304,0.065,0.9451,1.387,Up
663,169,2003,1.387,0.516,0.607,0.006,0.304,1.4705,0.419,Up
664,170,2003,0.419,1.387,0.516,0.607,0.006,1.6756,0.166,Up
665,171,2003,0.166,0.419,1.387,0.516,0.607,1.4539,-0.64,Down
666,172,2003,-0.64,0.166,0.419,1.387,0.516,1.4652,1.004,Up
667,173,2003,1.004,-0.64,0.166,0.419,1.387,1.2993,-0.821,Down
668,174,2003,-0.821,1.004,-0.64,0.166,0.419,1.4148,-1.197,Down
669,175,2003,-1.197,-0.821,1.004,-0.64,0.166,1.5821,0.544,Up
670,176,2003,0.544,-1.197,-0.821,1.004,-0.64,1.3359,0.217,Up
671,177,2003,0.217,0.544,-1.197,-0.821,1.004,1.2367,-0.375,Down
672,178,2003,-0.375,0.217,0.544,-1.197,-0.821,1.1513,1.43,Up
673,179,2003,1.43,-0.375,0.217,0.544,-1.197,1.4032,-0.325,Down
674,180,2003,-0.325,1.43,-0.375,0.217,0.544,1.33821,1.327,Up
675,181,2003,1.327,-0.325,1.43,-0.375,0.217,1.4988,-0.316,Down
676,182,2003,-0.316,1.327,-0.325,1.43,-0.375,1.5186,-1.301,Down
677,183,2003,-1.301,-0.316,1.327,-0.325,1.43,1.2788,0.607,Up
678,184,2003,0.607,-1.301,-0.316,1.327,-0.325,1.3017,-1.91,Down
679,185,2003,-1.91,0.607,-1.301,-0.316,1.327,1.556,-0.605,Down
680,186,2003,-0.605,-1.91,0.607,-1.301,-0.316,1.53,-0.64,Down
681,187,2003,-0.64,-0.605,-1.91,0.607,-1.301,1.4725,0.976,Up
682,188,2003,0.976,-0.64,-0.605,-1.91,0.607,1.3665,-1.054,Down
683,189,2003,-1.054,0.976,-0.64,-0.605,-1.91,1.5905,2.234,Up
684,190,2003,2.234,-1.054,0.976,-0.64,-0.605,1.5663,0.198,Up
685,191,2003,0.198,2.234,-1.054,0.976,-0.64,1.2693,0.942,Up
686,192,2003,0.942,0.198,2.234,-1.054,0.976,1.5705,0.437,Up
687,193,2003,0.437,0.942,0.198,2.234,-1.054,1.0258,0.474,Up
688,194,2003,0.474,0.437,0.942,0.198,2.234,1.2795,-0.526,Down
689,195,2003,-0.526,0.474,0.437,0.942,0.198,1.2625,0.479,Up
690,196,2003,0.479,-0.526,0.474,0.437,0.942,1.5787,-0.065,Down
691,197,2003,-0.065,0.479,-0.526,0.474,0.437,1.1081,0.702,Up
692,198,2003,0.702,-0.065,0.479,-0.526,0.474,1.0405,0.395,Up
693,199,2003,0.395,0.702,-0.065,0.479,-0.526,1.2719,-0.259,Down
694,200,2003,-0.259,0.395,0.702,-0.065,0.479,1.5211,0.316,Up
695,201,2003,0.316,-0.259,0.395,0.702,-0.065,1.4177,-1.024,Down
696,202,2003,-1.024,0.316,-0.259,0.395,0.702,1.352,0.516,Up
697,203,2003,0.516,-1.024,0.316,-0.259,0.395,1.1726,0.129,Up
698,204,2003,0.129,0.516,-1.024,0.316,-0.259,1.498,-1.498,Down
699,205,2003,-1.498,0.129,0.516,-1.024,0.316,1.6472,0.331,Up
700,206,2003,0.331,-1.498,0.129,0.516,-1.024,1.6043,-0.47,Down
701,207,2003,-0.47,0.331,-1.498,0.129,0.516,1.4203,0.216,Up
702,208,2003,0.216,-0.47,0.331,-1.498,0.129,1.3718,1.519,Up
703,209,2003,1.519,0.216,-0.47,0.331,-1.498,1.6292,0.126,Up
704,210,2003,0.126,1.519,0.216,-0.47,0.331,1.5626,-0.112,Down
705,211,2003,-0.112,0.126,1.519,0.216,-0.47,1.6297,0.36,Up
706,212,2003,0.36,-0.112,0.126,1.519,0.216,1.4989,0.791,Up
707,213,2003,0.791,0.36,-0.112,0.126,1.519,1.3782,-0.545,Down
708,214,2003,-0.545,0.791,0.36,-0.112,0.126,1.4176,-0.137,Down
709,215,2003,-0.137,-0.545,0.791,0.36,-0.112,1.4018,0.593,Up
710,216,2003,0.593,-0.137,-0.545,0.791,0.36,1.4539,-0.457,Down
711,217,2003,-0.457,0.593,-0.137,-0.545,0.791,1.4405,-0.579,Down
712,218,2003,-0.579,-0.457,0.593,-0.137,-0.545,1.2436,-0.052,Down
713,219,2003,-0.052,-0.579,-0.457,0.593,-0.137,1.1625,1.143,Up
714,220,2003,1.143,-0.052,-0.579,-0.457,0.593,1.3493,-0.011,Down
715,221,2003,-0.011,1.143,-0.052,-0.579,-0.457,1.383,-0.762,Down
716,222,2003,-0.762,-0.011,1.143,-0.052,-0.579,1.3561,-0.64,Down
717,223,2003,-0.64,-0.762,-0.011,1.143,-0.052,1.3743,-0.908,Down
718,224,2003,-0.908,-0.64,-0.762,-0.011,1.143,1.3543,0.802,Up
719,225,2003,0.802,-0.908,-0.64,-0.762,-0.011,1.3262,-0.843,Down
720,226,2003,-0.843,0.802,-0.908,-0.64,-0.762,1.3267,0.158,Up
721,227,2003,0.158,-0.843,0.802,-0.908,-0.64,1.2738,1.623,Up
722,228,2003,1.623,0.158,-0.843,0.802,-0.908,1.3028,0.172,Up
723,229,2003,0.172,1.623,0.158,-0.843,0.802,1.3337,0.433,Up
724,230,2003,0.433,0.172,1.623,0.158,-0.843,1.0977,-0.024,Down
725,231,2003,-0.024,0.433,0.172,1.623,0.158,0.48722,1.126,Up
726,232,2003,1.126,-0.024,0.433,0.172,1.623,1.375,-0.327,Down
727,233,2003,-0.327,1.126,-0.024,0.433,0.172,1.3832,-0.177,Down
728,234,2003,-0.177,-0.327,1.126,-0.024,0.433,1.4417,0.469,Up
729,235,2003,0.469,-0.177,-0.327,1.126,-0.024,1.4631,-0.768,Down
730,236,2003,-0.768,0.469,-0.177,-0.327,1.126,1.2659,0.735,Up
731,237,2003,0.735,-0.768,0.469,-0.177,-0.327,1.2189,-0.853,Down
732,238,2003,-0.853,0.735,-0.768,0.469,-0.177,1.4655,-0.107,Down
733,239,2003,-0.107,-0.853,0.735,-0.768,0.469,1.444,1.148,Up
734,240,2003,1.148,-0.107,-0.853,0.735,-0.768,1.4411,0.274,Up
735,241,2003,0.274,1.148,-0.107,-0.853,0.735,1.2231,-0.568,Down
736,242,2003,-0.568,0.274,1.148,-0.107,-0.853,1.5208,0.664,Up
737,243,2003,0.664,-0.568,0.274,1.148,-0.107,1.5479,0.126,Up
738,244,2003,0.126,0.664,-0.568,0.274,1.148,1.4417,1.18,Up
739,245,2003,1.18,0.126,0.664,-0.568,0.274,1.5799,-0.048,Down
740,246,2003,-0.048,1.18,0.126,0.664,-0.568,1.6573,0.393,Up
741,247,2003,0.393,-0.048,1.18,0.126,0.664,1.2517,0.282,Up
742,248,2003,0.282,0.393,-0.048,1.18,0.126,1.1453,-0.181,Down
743,249,2003,-0.181,0.282,0.393,-0.048,1.18,0.51806,0.169,Up
744,250,2003,0.169,-0.181,0.282,0.393,-0.048,0.35607,1.24,Up
745,251,2003,1.24,0.169,-0.181,0.282,0.393,1.0588,0.014,Up
746,252,2003,0.014,1.24,0.169,-0.181,0.282,1.0126,0.205,Up
747,1,2004,0.205,0.014,1.24,0.169,-0.181,1.0275,-0.309,Down
748,2,2004,-0.309,0.205,0.014,1.24,0.169,1.1532,1.24,Up
749,3,2004,1.24,-0.309,0.205,0.014,1.24,1.5782,0.129,Up
750,4,2004,0.129,1.24,-0.309,0.205,0.014,1.4945,0.237,Up
751,5,2004,0.237,0.129,1.24,-0.309,0.205,1.7049,0.496,Up
752,6,2004,0.496,0.237,0.129,1.24,-0.309,1.8684,-0.889,Down
753,7,2004,-0.889,0.496,0.237,0.129,1.24,1.7207,0.479,Up
754,8,2004,0.479,-0.889,0.496,0.237,0.129,1.5102,-0.533,Down
755,9,2004,-0.533,0.479,-0.889,0.496,0.237,1.5959,0.829,Up
756,10,2004,0.829,-0.533,0.479,-0.889,0.496,1.5146,0.135,Up
757,11,2004,0.135,0.829,-0.533,0.479,-0.889,1.695,0.687,Up
758,12,2004,0.687,0.135,0.829,-0.533,0.479,1.7211,-0.093,Down
759,13,2004,-0.093,0.687,0.135,0.829,-0.533,1.6982,0.777,Up
760,14,2004,0.777,-0.093,0.687,0.135,0.829,1.7576,-0.321,Down
761,15,2004,-0.321,0.777,-0.093,0.687,0.135,1.6937,-0.209,Down
762,16,2004,-0.209,-0.321,0.777,-0.093,0.687,1.5612,1.211,Up
763,17,2004,1.211,-0.209,-0.321,0.777,-0.093,1.4806,-0.98,Down
764,18,2004,-0.98,1.211,-0.209,-0.321,0.777,1.6731,-1.361,Down
765,19,2004,-1.361,-0.98,1.211,-0.209,-0.321,1.842,0.499,Up
766,20,2004,0.499,-1.361,-0.98,1.211,-0.209,1.9219,-0.263,Down
767,21,2004,-0.263,0.499,-1.361,-0.98,1.211,1.635,0.365,Up
768,22,2004,0.365,-0.263,0.499,-1.361,-0.98,1.5992,0.068,Up
769,23,2004,0.068,0.365,-0.263,0.499,-1.361,1.4769,-0.837,Down
770,24,2004,-0.837,0.068,0.365,-0.263,0.499,1.6348,0.184,Up
771,25,2004,0.184,-0.837,0.068,0.365,-0.263,1.5666,1.256,Up
772,26,2004,1.256,0.184,-0.837,0.068,0.365,1.4776,-0.258,Down
773,27,2004,-0.258,1.256,0.184,-0.837,0.068,1.3035,0.503,Up
774,28,2004,0.503,-0.258,1.256,0.184,-0.837,1.4039,1.067,Up
775,29,2004,1.067,0.503,-0.258,1.256,0.184,1.6993,-0.488,Down
776,30,2004,-0.488,1.067,0.503,-0.258,1.256,1.4643,-0.547,Down
777,31,2004,-0.547,-0.488,1.067,0.503,-0.258,1.3292,0.976,Up
778,32,2004,0.976,-0.547,-0.488,1.067,0.503,1.3965,-0.447,Down
779,33,2004,-0.447,0.976,-0.547,-0.488,1.067,1.3824,-0.413,Down
780,34,2004,-0.413,-0.447,0.976,-0.547,-0.488,1.5628,-0.257,Down
781,35,2004,-0.257,-0.413,-0.447,0.976,-0.547,1.4796,-0.273,Down
782,36,2004,-0.273,-0.257,-0.413,-0.447,0.976,1.3804,-0.167,Down
783,37,2004,-0.167,-0.273,-0.257,-0.413,-0.447,1.5436,0.402,Up
784,38,2004,0.402,-0.167,-0.273,-0.257,-0.413,1.3607,0.108,Up
785,39,2004,0.108,0.402,-0.167,-0.273,-0.257,1.3839,0.003,Up
786,40,2004,0.003,0.108,0.402,-0.167,-0.273,1.5404,0.963,Up
787,41,2004,0.963,0.003,0.108,0.402,-0.167,1.4971,-0.594,Down
788,42,2004,-0.594,0.963,0.003,0.108,0.402,1.476,0.168,Up
789,43,2004,0.168,-0.594,0.963,0.003,0.108,1.3345,0.334,Up
790,44,2004,0.334,0.168,-0.594,0.963,0.003,1.2658,0.172,Up
791,45,2004,0.172,0.334,0.168,-0.594,0.963,1.3982,-0.835,Down
792,46,2004,-0.835,0.172,0.334,0.168,-0.594,1.2544,-0.577,Down
793,47,2004,-0.577,-0.835,0.172,0.334,0.168,1.4994,-1.463,Down
794,48,2004,-1.463,-0.577,-0.835,0.172,0.334,1.6484,-1.522,Down
795,49,2004,-1.522,-1.463,-0.577,-0.835,0.172,1.8899,1.246,Up
796,50,2004,1.246,-1.522,-1.463,-0.577,-0.835,1.3885,-1.435,Down
797,51,2004,-1.435,1.246,-1.522,-1.463,-0.577,1.6006,0.562,Up
798,52,2004,0.562,-1.435,1.246,-1.522,-1.463,1.5007,1.175,Up
799,53,2004,1.175,0.562,-1.435,1.246,-1.522,1.4901,-0.127,Down
800,54,2004,-0.127,1.175,0.562,-1.435,1.246,1.3692,-1.117,Down
801,55,2004,-1.117,-0.127,1.175,0.562,-1.435,1.4574,-1.296,Down
802,56,2004,-1.296,-1.117,-0.127,1.175,0.562,1.4523,-0.132,Down
803,57,2004,-0.132,-1.296,-1.117,-0.127,1.175,1.4582,-0.239,Down
804,58,2004,-0.239,-0.132,-1.296,-1.117,-0.127,1.5278,1.637,Up
805,59,2004,1.637,-0.239,-0.132,-1.296,-1.117,1.4717,-0.102,Down
806,60,2004,-0.102,1.637,-0.239,-0.132,-1.296,1.3191,1.3,Up
807,61,2004,1.3,-0.102,1.637,-0.239,-0.132,1.4055,0.404,Up
808,62,2004,0.404,1.3,-0.102,1.637,-0.239,1.3324,-0.07,Down
809,63,2004,-0.07,0.404,1.3,-0.102,1.637,1.5607,0.529,Up
810,64,2004,0.529,-0.07,0.404,1.3,-0.102,1.5607,0.851,Up
811,65,2004,0.851,0.529,-0.07,0.404,1.3,1.6292,0.767,Up
812,66,2004,0.767,0.851,0.529,-0.07,0.404,1.4137,-0.209,Down
813,67,2004,-0.209,0.767,0.851,0.529,-0.07,1.3977,-0.665,Down
814,68,2004,-0.665,-0.209,0.767,0.851,0.529,1.4588,-0.106,Down
815,69,2004,-0.106,-0.665,-0.209,0.767,0.851,1.1998,0.516,Up
816,70,2004,0.516,-0.106,-0.665,-0.209,0.767,1.1024,-1.376,Down
817,71,2004,-1.376,0.516,-0.106,-0.665,-0.209,1.4232,-0.112,Down
818,72,2004,-0.112,-1.376,0.516,-0.106,-0.665,1.5477,0.059,Up
819,73,2004,0.059,-0.112,-1.376,0.516,-0.106,1.5687,0.511,Up
820,74,2004,0.511,0.059,-0.112,-1.376,0.516,1.4878,0.107,Up
821,75,2004,0.107,0.511,0.059,-0.112,-1.376,1.1949,-1.556,Down
822,76,2004,-1.556,0.107,0.511,0.059,-0.112,1.5085,0.531,Up
823,77,2004,0.531,-1.556,0.107,0.511,0.059,1.7381,1.409,Up
824,78,2004,1.409,0.531,-1.556,0.107,0.511,1.8267,0.059,Up
825,79,2004,0.059,1.409,0.531,-1.556,0.107,1.3961,-0.445,Down
826,80,2004,-0.445,0.059,1.409,0.531,-1.556,1.2906,0.227,Up
827,81,2004,0.227,-0.445,0.059,1.409,0.531,1.518,-1.379,Down
828,82,2004,-1.379,0.227,-0.445,0.059,1.409,1.8556,-0.759,Down
829,83,2004,-0.759,-1.379,0.227,-0.445,0.059,1.859,-0.592,Down
830,84,2004,-0.592,-0.759,-1.379,0.227,-0.445,1.6347,0.92,Up
831,85,2004,0.92,-0.592,-0.759,-1.379,0.227,1.5716,0.184,Up
832,86,2004,0.184,0.92,-0.592,-0.759,-1.379,1.6621,0.177,Up
833,87,2004,0.177,0.184,0.92,-0.592,-0.759,1.469,-0.672,Down
834,88,2004,-0.672,0.177,0.184,0.92,-0.592,1.5093,-1.373,Down
835,89,2004,-1.373,-0.672,0.177,0.184,0.92,1.6536,-1.054,Down
836,90,2004,-1.054,-1.373,-0.672,0.177,0.184,1.9184,0.766,Up
837,91,2004,0.766,-1.054,-1.373,-0.672,0.177,1.5338,0.167,Up
838,92,2004,0.167,0.766,-1.054,-1.373,-0.672,1.6976,-0.077,Down
839,93,2004,-0.077,0.167,0.766,-1.054,-1.373,1.4111,-0.067,Down
840,94,2004,-0.067,-0.077,0.167,0.766,-1.054,1.3359,-1.059,Down
841,95,2004,-1.059,-0.067,-0.077,0.167,0.766,1.4301,0.682,Up
842,96,2004,0.682,-1.059,-0.067,-0.077,0.167,1.353,-0.257,Down
843,97,2004,-0.257,0.682,-1.059,-0.067,-0.077,1.5486,0.047,Up
844,98,2004,0.047,-0.257,0.682,-1.059,-0.067,1.211,0.401,Up
845,99,2004,0.401,0.047,-0.257,0.682,-1.059,1.2586,0.169,Up
846,100,2004,0.169,0.401,0.047,-0.257,0.682,1.2275,1.61,Up
847,101,2004,1.61,0.169,0.401,0.047,-0.257,1.5457,0.17,Up
848,102,2004,0.17,1.61,0.169,0.401,0.047,1.3694,0.569,Up
849,103,2004,0.569,0.17,1.61,0.169,0.401,1.4475,-0.054,Down
850,104,2004,-0.054,0.569,0.17,1.61,0.169,1.1726,0.046,Up
851,105,2004,0.046,-0.054,0.569,0.17,1.61,1.238,0.338,Up
852,106,2004,0.338,0.046,-0.054,0.569,0.17,1.2517,-0.742,Down
853,107,2004,-0.742,0.338,0.046,-0.054,0.569,1.2324,0.525,Up
854,108,2004,0.525,-0.742,0.338,0.046,-0.054,1.1153,1.596,Up
855,109,2004,1.596,0.525,-0.742,0.338,0.046,1.2118,0.154,Up
856,110,2004,0.154,1.596,0.525,-0.742,0.338,1.1903,-0.95,Down
857,111,2004,-0.95,0.154,1.596,0.525,-0.742,1.2768,0.454,Up
858,112,2004,0.454,-0.95,0.154,1.596,0.525,1.1606,-0.984,Down
859,113,2004,-0.984,0.454,-0.95,0.154,1.596,1.1794,0.597,Up
860,114,2004,0.597,-0.984,0.454,-0.95,0.154,1.3459,0.137,Up
861,115,2004,0.137,0.597,-0.984,0.454,-0.95,1.1684,-0.133,Down
862,116,2004,-0.133,0.137,0.597,-0.984,0.454,1.2967,0.262,Up
863,117,2004,0.262,-0.133,0.137,0.597,-0.984,1.5006,-0.416,Down
864,118,2004,-0.416,0.262,-0.133,0.137,0.597,1.1239,0.364,Up
865,119,2004,0.364,-0.416,0.262,-0.133,0.137,1.3823,0.851,Up
866,120,2004,0.851,0.364,-0.416,0.262,-0.133,1.4442,-0.298,Down
867,121,2004,-0.298,0.851,0.364,-0.416,0.262,1.3949,-0.545,Down
868,122,2004,-0.545,-0.298,0.851,0.364,-0.416,1.8129,-0.095,Down
869,123,2004,-0.095,-0.545,-0.298,0.851,0.364,1.3546,0.251,Up
870,124,2004,0.251,-0.095,-0.545,-0.298,0.851,1.375,0.408,Up
871,125,2004,0.408,0.251,-0.095,-0.545,-0.298,1.4738,-1.043,Down
872,126,2004,-1.043,0.408,0.251,-0.095,-0.545,1.4957,-0.315,Down
873,127,2004,-0.315,-1.043,0.408,0.251,-0.095,1.085,-0.815,Down
874,128,2004,-0.815,-0.315,-1.043,0.408,0.251,1.2833,0.19,Up
875,129,2004,0.19,-0.815,-0.315,-1.043,0.408,1.3286,-0.824,Down
876,130,2004,-0.824,0.19,-0.815,-0.315,-1.043,1.4011,0.334,Up
877,131,2004,0.334,-0.824,0.19,-0.815,-0.315,1.1863,0.138,Up
878,132,2004,0.138,0.334,-0.824,0.19,-0.815,1.1146,0.071,Up
879,133,2004,0.071,0.138,0.334,-0.824,0.19,1.1997,-0.329,Down
880,134,2004,-0.329,0.071,0.138,0.334,-0.824,1.462,-0.43,Down
881,135,2004,-0.43,-0.329,0.071,0.138,0.334,1.4087,-0.479,Down
882,136,2004,-0.479,-0.43,-0.329,0.071,0.138,1.4503,-0.044,Down
883,137,2004,-0.044,-0.479,-0.43,-0.329,0.071,1.3199,0.706,Up
884,138,2004,0.706,-0.044,-0.479,-0.43,-0.329,1.4458,-1.334,Down
885,139,2004,-1.334,0.706,-0.044,-0.479,-0.43,1.6795,0.271,Up
886,140,2004,0.271,-1.334,0.706,-0.044,-0.479,1.6808,-0.97,Down
887,141,2004,-0.97,0.271,-1.334,0.706,-0.044,1.3375,-0.196,Down
888,142,2004,-0.196,-0.97,0.271,-1.334,0.706,1.4134,0.993,Up
889,143,2004,0.993,-0.196,-0.97,0.271,-1.334,1.6108,0.054,Up
890,144,2004,0.054,0.993,-0.196,-0.97,0.271,1.5543,0.457,Up
891,145,2004,0.457,0.054,0.993,-0.196,-0.97,1.5301,0.117,Up
892,146,2004,0.117,0.457,0.054,0.993,-0.196,1.2982,0.445,Up
893,147,2004,0.445,0.117,0.457,0.054,0.993,1.276,-0.626,Down
894,148,2004,-0.626,0.445,0.117,0.457,0.054,1.3383,-0.096,Down
895,149,2004,-0.096,-0.626,0.445,0.117,0.457,1.3692,-1.632,Down
896,150,2004,-1.632,-0.096,-0.626,0.445,0.117,1.3974,-1.548,Down
897,151,2004,-1.548,-1.632,-0.096,-0.626,0.445,1.521,0.117,Up
898,152,2004,0.117,-1.548,-1.632,-0.096,-0.626,1.086,1.297,Up
899,153,2004,1.297,0.117,-1.548,-1.632,-0.096,1.2456,-0.301,Down
900,154,2004,-0.301,1.297,0.117,-1.548,-1.632,1.4104,-1.168,Down
901,155,2004,-1.168,-0.301,1.297,0.117,-1.548,1.4051,0.148,Up
902,156,2004,0.148,-1.168,-0.301,1.297,0.117,1.1751,1.366,Up
903,157,2004,1.366,0.148,-1.168,-0.301,1.297,1.2062,0.22,Up
904,158,2004,0.22,1.366,0.148,-1.168,-0.301,1.2678,1.244,Up
905,159,2004,1.244,0.22,1.366,0.148,-1.168,1.2825,-0.36,Down
906,160,2004,-0.36,1.244,0.22,1.366,0.148,1.2494,0.652,Up
907,161,2004,0.652,-0.36,1.244,0.22,1.366,1.1999,-0.243,Down
908,162,2004,-0.243,0.652,-0.36,1.244,0.22,1.0219,0.047,Up
909,163,2004,0.047,-0.243,0.652,-0.36,1.244,1.0925,0.8,Up
910,164,2004,0.8,0.047,-0.243,0.652,-0.36,1.1922,0.012,Up
911,165,2004,0.012,0.8,0.047,-0.243,0.652,1.0236,0.243,Up
912,166,2004,0.243,0.012,0.8,0.047,-0.243,0.8454,-0.778,Down
913,167,2004,-0.778,0.243,0.012,0.8,0.047,0.8431,0.463,Up
914,168,2004,0.463,-0.778,0.243,0.012,0.8,1.1382,0.151,Up
915,169,2004,0.151,0.463,-0.778,0.243,0.012,1.1421,1.121,Up
916,170,2004,1.121,0.151,0.463,-0.778,0.243,1.1184,-0.418,Down
917,171,2004,-0.418,1.121,0.151,0.463,-0.778,0.92417,0.689,Up
918,172,2004,0.689,-0.418,1.121,0.151,0.463,1.2144,-0.449,Down
919,173,2004,-0.449,0.689,-0.418,1.121,0.151,1.2463,0.189,Up
920,174,2004,0.189,-0.449,0.689,-0.418,1.121,1.3713,0.495,Up
921,175,2004,0.495,0.189,-0.449,0.689,-0.418,1.2612,0.169,Up
922,176,2004,0.169,0.495,0.189,-0.449,0.689,1.2998,0.223,Up
923,177,2004,0.223,0.169,0.495,0.189,-0.449,1.2045,-0.705,Down
924,178,2004,-0.705,0.223,0.169,0.495,0.189,1.256,0.279,Up
925,179,2004,0.279,-0.705,0.223,0.169,0.495,1.1139,0.449,Up
926,180,2004,0.449,0.279,-0.705,0.223,0.169,1.4226,-0.563,Down
927,181,2004,-0.563,0.449,0.279,-0.705,0.223,1.1976,0.633,Up
928,182,2004,0.633,-0.563,0.449,0.279,-0.705,1.325,-1.394,Down
929,183,2004,-1.394,0.633,-0.563,0.449,0.279,1.3799,-0.467,Down
930,184,2004,-0.467,-1.394,0.633,-0.563,0.449,1.2863,0.158,Up
931,185,2004,0.158,-0.467,-1.394,0.633,-0.563,1.2554,-0.594,Down
932,186,2004,-0.594,0.158,-0.467,-1.394,0.633,1.2635,0.593,Up
933,187,2004,0.593,-0.594,0.158,-0.467,-1.394,1.3966,0.427,Up
934,188,2004,0.427,0.593,-0.594,0.158,-0.467,1.4029,-0.02,Down
935,189,2004,-0.02,0.427,0.593,-0.594,0.158,1.748,1.518,Up
936,190,2004,1.518,-0.02,0.427,0.593,-0.594,1.5822,0.324,Up
937,191,2004,0.324,1.518,-0.02,0.427,0.593,1.534,-0.061,Down
938,192,2004,-0.061,0.324,1.518,-0.02,0.427,1.4184,0.667,Up
939,193,2004,0.667,-0.061,0.324,1.518,-0.02,1.4167,-0.998,Down
940,194,2004,-0.998,0.667,-0.061,0.324,1.518,1.4475,-0.753,Down
941,195,2004,-0.753,-0.998,0.667,-0.061,0.324,1.2916,0.201,Up
942,196,2004,0.201,-0.753,-0.998,0.667,-0.061,0.9438,-0.227,Down
943,197,2004,-0.227,0.201,-0.753,-0.998,0.667,1.3201,-0.73,Down
944,198,2004,-0.73,-0.227,0.201,-0.753,-0.998,1.5462,-0.93,Down
945,199,2004,-0.93,-0.73,-0.227,0.201,-0.753,1.4895,0.445,Up
946,200,2004,0.445,-0.93,-0.73,-0.227,0.201,1.6451,0.525,Up
947,201,2004,0.525,0.445,-0.93,-0.73,-0.227,1.3733,-0.969,Down
948,202,2004,-0.969,0.525,0.445,-0.93,-0.73,1.7375,0.039,Up
949,203,2004,0.039,-0.969,0.525,0.445,-0.93,1.6857,0.256,Up
950,204,2004,0.256,0.039,-0.969,0.525,0.445,1.673,-0.972,Down
951,205,2004,-0.972,0.256,0.039,-0.969,0.525,1.4696,-0.086,Down
952,206,2004,-0.086,-0.972,0.256,0.039,-0.969,1.3805,1.488,Up
953,207,2004,1.488,-0.086,-0.972,0.256,0.039,1.6854,1.288,Up
954,208,2004,1.288,1.488,-0.086,-0.972,0.256,1.7419,0.181,Up
955,209,2004,0.181,1.288,1.488,-0.086,-0.972,1.6282,0.245,Up
956,210,2004,0.245,0.181,1.288,1.488,-0.086,1.5008,0.027,Up
957,211,2004,0.027,0.245,0.181,1.288,1.488,1.3959,0.004,Up
958,212,2004,0.004,0.027,0.245,0.181,1.288,1.659,1.118,Up
959,213,2004,1.118,0.004,0.027,0.245,0.181,1.7675,1.616,Up
960,214,2004,1.616,1.118,0.004,0.027,0.245,1.7827,0.387,Up
961,215,2004,0.387,1.616,1.118,0.004,0.027,1.7244,-0.11,Down
962,216,2004,-0.11,0.387,1.616,1.118,0.004,1.3587,-0.07,Down
963,217,2004,-0.07,-0.11,0.387,1.616,1.118,1.4508,-0.101,Down
964,218,2004,-0.101,-0.07,-0.11,0.387,1.616,1.5043,0.909,Up
965,219,2004,0.909,-0.101,-0.07,-0.11,0.387,1.393,0.911,Up
966,220,2004,0.911,0.909,-0.101,-0.07,-0.11,1.5316,-0.03,Down
967,221,2004,-0.03,0.911,0.909,-0.101,-0.07,1.4533,-0.708,Down
968,222,2004,-0.708,-0.03,0.911,0.909,-0.101,1.3644,0.554,Up
969,223,2004,0.554,-0.708,-0.03,0.911,0.909,1.6842,0.136,Up
970,224,2004,0.136,0.554,-0.708,-0.03,0.911,1.4567,-1.116,Down
971,225,2004,-1.116,0.136,0.554,-0.708,-0.03,1.5266,0.59,Up
972,226,2004,0.59,-1.116,0.136,0.554,-0.708,1.3927,-0.025,Down
973,227,2004,-0.025,0.59,-1.116,0.136,0.554,1.4283,0.41,Up
974,228,2004,0.41,-0.025,0.59,-1.116,0.136,1.1496,0.075,Up
975,229,2004,0.075,0.41,-0.025,0.59,-1.116,0.50458,-0.345,Down
976,230,2004,-0.345,0.075,0.41,-0.025,0.59,1.3785,-0.403,Down
977,231,2004,-0.403,-0.345,0.075,0.41,-0.025,1.5535,1.495,Up
978,232,2004,1.495,-0.403,-0.345,0.075,0.41,1.7728,-0.087,Down
979,233,2004,-0.087,1.495,-0.403,-0.345,0.075,1.7749,0.071,Up
980,234,2004,0.071,-0.087,1.495,-0.403,-0.345,1.5667,-0.077,Down
981,235,2004,-0.077,0.071,-0.087,1.495,-0.403,1.3544,-1.107,Down
982,236,2004,-1.107,-0.077,0.071,-0.087,1.495,1.5339,0.488,Up
983,237,2004,0.488,-1.107,-0.077,0.071,-0.087,1.5252,0.544,Up
984,238,2004,0.544,0.488,-1.107,-0.077,0.071,1.6247,-0.104,Down
985,239,2004,-0.104,0.544,0.488,-1.107,-0.077,1.4437,0.899,Up
986,240,2004,0.899,-0.104,0.544,0.488,-1.107,1.4361,0.392,Up
987,241,2004,0.392,0.899,-0.104,0.544,0.488,1.5444,0.194,Up
988,242,2004,0.194,0.392,0.899,-0.104,0.544,1.6958,-0.208,Down
989,243,2004,-0.208,0.194,0.392,0.899,-0.104,1.7939,-0.749,Down
990,244,2004,-0.749,-0.208,0.194,0.392,0.899,2.335,0.038,Up
991,245,2004,0.038,-0.749,-0.208,0.194,0.392,1.4228,0.904,Up
992,246,2004,0.904,0.038,-0.749,-0.208,0.194,1.4837,0.342,Up
993,247,2004,0.342,0.904,0.038,-0.749,-0.208,1.3908,0.046,Up
994,248,2004,0.046,0.342,0.904,0.038,-0.749,0.9561,-0.431,Down
995,249,2004,-0.431,0.046,0.342,0.904,0.038,0.922,0.715,Up
996,250,2004,0.715,-0.431,0.046,0.342,0.904,0.983,-0.007,Down
997,251,2004,-0.007,0.715,-0.431,0.046,0.342,0.9259,0.008,Up
998,252,2004,0.008,-0.007,0.715,-0.431,0.046,0.8298,-0.134,Down
999,1,2005,-0.134,0.008,-0.007,0.715,-0.431,0.7869,-0.812,Down
1000,2,2005,-0.812,-0.134,0.008,-0.007,0.715,1.5108,-1.167,Down
1001,3,2005,-1.167,-0.812,-0.134,0.008,-0.007,1.721,-0.363,Down
1002,4,2005,-0.363,-1.167,-0.812,-0.134,0.008,1.7389,0.351,Up
1003,5,2005,0.351,-0.363,-1.167,-0.812,-0.134,1.5691,-0.143,Down
1004,6,2005,-0.143,0.351,-0.363,-1.167,-0.812,1.4779,0.342,Up
1005,7,2005,0.342,-0.143,0.351,-0.363,-1.167,1.4904,-0.61,Down
1006,8,2005,-0.61,0.342,-0.143,0.351,-0.363,1.4888,0.398,Up
1007,9,2005,0.398,-0.61,0.342,-0.143,0.351,1.5621,-0.863,Down
1008,10,2005,-0.863,0.398,-0.61,0.342,-0.143,1.5103,0.6,Up
1009,11,2005,0.6,-0.863,0.398,-0.61,0.342,1.3354,0.967,Up
1010,12,2005,0.967,0.6,-0.863,0.398,-0.61,1.5968,-0.949,Down
1011,13,2005,-0.949,0.967,0.6,-0.863,0.398,1.4987,-0.778,Down
1012,14,2005,-0.778,-0.949,0.967,0.6,-0.863,1.692,-0.641,Down
1013,15,2005,-0.641,-0.778,-0.949,0.967,0.6,1.6435,-0.353,Down
1014,16,2005,-0.353,-0.641,-0.778,-0.949,0.967,1.4946,0.4,Up
1015,17,2005,0.4,-0.353,-0.641,-0.778,-0.949,1.6104,0.484,Up
1016,18,2005,0.484,0.4,-0.353,-0.641,-0.778,1.6359,0.041,Up
1017,19,2005,0.041,0.484,0.4,-0.353,-0.641,1.6006,-0.272,Down
1018,20,2005,-0.272,0.041,0.484,0.4,-0.353,1.6418,0.846,Up
1019,21,2005,0.846,-0.272,0.041,0.484,0.4,1.6798,0.689,Up
1020,22,2005,0.689,0.846,-0.272,0.041,0.484,1.68198,0.318,Up
1021,23,2005,0.318,0.689,0.846,-0.272,0.041,1.56174,-0.277,Down
1022,24,2005,-0.277,0.318,0.689,0.846,-0.272,1.55446,1.104,Up
1023,25,2005,1.104,-0.277,0.318,0.689,0.846,1.64816,-0.109,Down
1024,26,2005,-0.109,1.104,-0.277,0.318,0.689,1.34727,0.048,Up
1025,27,2005,0.048,-0.109,1.104,-0.277,0.318,1.41617,-0.858,Down
1026,28,2005,-0.858,0.048,-0.109,1.104,-0.277,1.51104,0.421,Up
1027,29,2005,0.421,-0.858,0.048,-0.109,1.104,1.49167,0.693,Up
1028,30,2005,0.693,0.421,-0.858,0.048,-0.109,1.5623,0.07,Up
1029,31,2005,0.07,0.693,0.421,-0.858,0.048,1.29018,0.33,Up
1030,32,2005,0.33,0.07,0.693,0.421,-0.858,1.52708,0.018,Up
1031,33,2005,0.018,0.33,0.07,0.693,0.421,1.4901,-0.792,Down
1032,34,2005,-0.792,0.018,0.33,0.07,0.693,1.58012,0.07,Up
1033,35,2005,0.07,-0.792,0.018,0.33,0.07,1.5512,-1.451,Down
1034,36,2005,-1.451,0.07,-0.792,0.018,0.33,1.74494,0.561,Up
1035,37,2005,0.561,-1.451,0.07,-0.792,0.018,1.50109,0.789,Up
1036,38,2005,0.789,0.561,-1.451,0.07,-0.792,1.51875,0.931,Up
1037,39,2005,0.931,0.789,0.561,-1.451,0.07,1.52368,-0.641,Down
1038,40,2005,-0.641,0.931,0.789,0.561,-1.451,1.79548,0.566,Up
1039,41,2005,0.566,-0.641,0.931,0.789,0.561,1.70806,-0.027,Down
1040,42,2005,-0.027,0.566,-0.641,0.931,0.789,1.56854,0.032,Up
1041,43,2005,0.032,-0.027,0.566,-0.641,0.931,1.61624,0.962,Up
1042,44,2005,0.962,0.032,-0.027,0.566,-0.641,1.63682,0.261,Up
1043,45,2005,0.261,0.962,0.032,-0.027,0.566,1.48883,-0.48,Down
1044,46,2005,-0.48,0.261,0.962,0.032,-0.027,1.52309,-1.019,Down
1045,47,2005,-1.019,-0.48,0.261,0.962,0.032,1.70497,0.186,Up
1046,48,2005,0.186,-1.019,-0.48,0.261,0.962,1.60402,-0.758,Down
1047,49,2005,-0.758,0.186,-1.019,-0.48,0.261,1.44982,0.562,Up
1048,50,2005,0.562,-0.758,0.186,-1.019,-0.48,1.43743,-0.752,Down
1049,51,2005,-0.752,0.562,-0.758,0.186,-1.019,1.51353,-0.808,Down
1050,52,2005,-0.808,-0.752,0.562,-0.758,0.186,1.65319,0.18,Up
1051,53,2005,0.18,-0.808,-0.752,0.562,-0.758,1.58193,-0.047,Down
1052,54,2005,-0.047,0.18,-0.808,-0.752,0.562,2.34437,-0.493,Down
1053,55,2005,-0.493,-0.047,0.18,-0.808,-0.752,1.81944,-1.02,Down
1054,56,2005,-1.02,-0.493,-0.047,0.18,-0.808,2.11447,0.07,Up
1055,57,2005,0.07,-1.02,-0.493,-0.047,0.18,2.24687,-0.095,Down
1056,58,2005,-0.095,0.07,-1.02,-0.493,-0.047,1.72172,0.244,Up
1057,59,2005,0.244,-0.095,0.07,-1.02,-0.493,1.74622,-0.76,Down
1058,60,2005,-0.76,0.244,-0.095,0.07,-1.02,2.22325,1.377,Up
1059,61,2005,1.377,-0.76,0.244,-0.095,0.07,2.09711,-0.069,Down
1060,62,2005,-0.069,1.377,-0.76,0.244,-0.095,2.21423,-0.65,Down
1061,63,2005,-0.65,-0.069,1.377,-0.76,0.244,2.16869,0.273,Up
1062,64,2005,0.273,-0.65,-0.069,1.377,-0.76,2.07977,0.448,Up
1063,65,2005,0.448,0.273,-0.65,-0.069,1.377,1.8708,0.227,Up
1064,66,2005,0.227,0.448,0.273,-0.65,-0.069,1.7974,0.597,Up
1065,67,2005,0.597,0.227,0.448,0.273,-0.65,1.90062,-0.834,Down
1066,68,2005,-0.834,0.597,0.227,0.448,0.273,1.66133,0.001,Up
1067,69,2005,0.001,-0.834,0.597,0.227,0.448,1.52531,0.555,Up
1068,70,2005,0.555,0.001,-0.834,0.597,0.227,1.97983,-1.176,Down
1069,71,2005,-1.176,0.555,0.001,-0.834,0.597,2.04974,-1,Down
1070,72,2005,-1,-1.176,0.555,0.001,-0.834,2.35504,-1.672,Down
1071,73,2005,-1.672,-1,-1.176,0.555,0.001,2.68996,0.294,Up
1072,74,2005,0.294,-1.672,-1,-1.176,0.555,2.18067,0.593,Up
1073,75,2005,0.593,0.294,-1.672,-1,-1.176,2.1427,-1.325,Down
1074,76,2005,-1.325,0.593,0.294,-1.672,-1,2.21705,1.974,Up
1075,77,2005,1.974,-1.325,0.593,0.294,-1.672,2.30856,-0.675,Down
1076,78,2005,-0.675,1.974,-1.325,0.593,0.294,2.04588,0.866,Up
1077,79,2005,0.866,-0.675,1.974,-1.325,0.593,1.79503,-0.884,Down
1078,80,2005,-0.884,0.866,-0.675,1.974,-1.325,1.95974,0.395,Up
1079,81,2005,0.395,-0.884,0.866,-0.675,1.974,2.15152,-1.138,Down
1080,82,2005,-1.138,0.395,-0.884,0.866,-0.675,2.18227,1.192,Up
1081,83,2005,1.192,-1.138,0.395,-0.884,0.866,2.36236,0.459,Up
1082,84,2005,0.459,1.192,-1.138,0.395,-0.884,1.98004,-0.085,Down
1083,85,2005,-0.085,0.459,1.192,-1.138,0.395,2.16702,1.247,Up
1084,86,2005,1.247,-0.085,0.459,1.192,-1.138,2.30648,-0.257,Down
1085,87,2005,-0.257,1.247,-0.085,0.459,1.192,1.9971,-0.109,Down
1086,88,2005,-0.109,-0.257,1.247,-0.085,0.459,1.7072,0.639,Up
1087,89,2005,0.639,-0.109,-0.257,1.247,-0.085,1.85702,-1.071,Down
1088,90,2005,-1.071,0.639,-0.109,-0.257,1.247,1.88966,0.419,Up
1089,91,2005,0.419,-1.071,0.639,-0.109,-0.257,1.83497,-1.003,Down
1090,92,2005,-1.003,0.419,-1.071,0.639,-0.109,1.99529,-0.458,Down
1091,93,2005,-0.458,-1.003,0.419,-1.071,0.639,2.18859,1.009,Up
1092,94,2005,1.009,-0.458,-1.003,0.419,-1.071,1.85686,0.696,Up
1093,95,2005,0.696,1.009,-0.458,-1.003,0.419,1.88726,1.002,Up
1094,96,2005,1.002,0.696,1.009,-0.458,-1.003,2.26632,0.466,Up
1095,97,2005,0.466,1.002,0.696,1.009,-0.458,1.77586,-0.151,Down
1096,98,2005,-0.151,0.466,1.002,0.696,1.009,1.63175,0.385,Up
1097,99,2005,0.385,-0.151,0.466,1.002,0.696,1.68117,0.018,Up
1098,100,2005,0.018,0.385,-0.151,0.466,1.002,1.681,-0.34,Down
1099,101,2005,-0.34,0.018,0.385,-0.151,0.466,1.74218,0.639,Up
1100,102,2005,0.639,-0.34,0.018,0.385,-0.151,1.65411,0.097,Up
1101,103,2005,0.097,0.639,-0.34,0.018,0.385,1.38143,-0.607,Down
1102,104,2005,-0.607,0.097,0.639,-0.34,0.018,1.84068,0.9,Up
1103,105,2005,0.9,-0.607,0.097,0.639,-0.34,1.8101,0.172,Up
1104,106,2005,0.172,0.9,-0.607,0.097,0.639,1.81379,-0.687,Down
1105,107,2005,-0.687,0.172,0.9,-0.607,0.097,1.62752,0.125,Up
1106,108,2005,0.125,-0.687,0.172,0.9,-0.607,1.54712,-0.021,Down
1107,109,2005,-0.021,0.125,-0.687,0.172,0.9,1.85137,-0.216,Down
1108,110,2005,-0.216,-0.021,0.125,-0.687,0.172,1.71549,0.524,Up
1109,111,2005,0.524,-0.216,-0.021,0.125,-0.687,1.82412,-0.235,Down
1110,112,2005,-0.235,0.524,-0.216,-0.021,0.125,1.66418,0.226,Up
1111,113,2005,0.226,-0.235,0.524,-0.216,-0.021,1.66135,0.257,Up
1112,114,2005,0.257,0.226,-0.235,0.524,-0.216,1.69815,0.222,Up
1113,115,2005,0.222,0.257,0.226,-0.235,0.524,1.84044,0.363,Up
1114,116,2005,0.363,0.222,0.257,0.226,-0.235,1.77604,0.495,Up
1115,117,2005,0.495,0.363,0.222,0.257,0.226,2.40737,-0.071,Down
1116,118,2005,-0.071,0.495,0.363,0.222,0.257,1.71453,-0.205,Down
1117,119,2005,-0.205,-0.071,0.495,0.363,0.222,1.7207,0.022,Up
1118,120,2005,0.022,-0.205,-0.071,0.495,0.363,1.82325,-1.083,Down
1119,121,2005,-1.083,0.022,-0.205,-0.071,0.495,2.02992,-0.763,Down
1120,122,2005,-0.763,-1.083,0.022,-0.205,-0.071,2.4188,-0.074,Down
1121,123,2005,-0.074,-0.763,-1.083,0.022,-0.205,1.73862,0.914,Up
1122,124,2005,0.914,-0.074,-0.763,-1.083,0.022,1.77241,-0.143,Down
1123,125,2005,-0.143,0.914,-0.074,-0.763,-1.083,1.76928,-0.71,Down
1124,126,2005,-0.71,-0.143,0.914,-0.074,-0.763,2.10949,0.261,Up
1125,127,2005,0.261,-0.71,-0.143,0.914,-0.074,1.59382,0.883,Up
1126,128,2005,0.883,0.261,-0.71,-0.143,0.914,1.80582,-0.834,Down
1127,129,2005,-0.834,0.883,0.261,-0.71,-0.143,1.88347,0.245,Up
1128,130,2005,0.245,-0.834,0.883,0.261,-0.71,1.95244,1.168,Up
1129,131,2005,1.168,0.245,-0.834,0.883,0.261,1.90081,0.625,Up
1130,132,2005,0.625,1.168,0.245,-0.834,0.883,1.8463,0.227,Up
1131,133,2005,0.227,0.625,1.168,0.245,-0.834,1.93201,0.088,Up
1132,134,2005,0.088,0.227,0.625,1.168,0.245,1.8125,0.262,Up
1133,135,2005,0.262,0.088,0.227,0.625,1.168,2.04871,0.116,Up
1134,136,2005,0.116,0.262,0.088,0.227,0.625,1.7164,-0.553,Down
1135,137,2005,-0.553,0.116,0.262,0.088,0.227,1.5821,0.673,Up
1136,138,2005,0.673,-0.553,0.116,0.262,0.088,2.04128,0.476,Up
1137,139,2005,0.476,0.673,-0.553,0.116,0.262,2.06334,-0.661,Down
1138,140,2005,-0.661,0.476,0.673,-0.553,0.116,2.12984,0.541,Up
1139,141,2005,0.541,-0.661,0.476,0.673,-0.553,1.76699,-0.377,Down
1140,142,2005,-0.377,0.541,-0.661,0.476,0.673,1.71758,0.173,Up
1141,143,2005,0.173,-0.377,0.541,-0.661,0.476,1.93418,0.457,Up
1142,144,2005,0.457,0.173,-0.377,0.541,-0.661,1.9458,0.56,Up
1143,145,2005,0.56,0.457,0.173,-0.377,0.541,2.00168,-0.767,Down
1144,146,2005,-0.767,0.56,0.457,0.173,-0.377,1.7896,0.095,Up
1145,147,2005,0.095,-0.767,0.56,0.457,0.173,1.71687,0.71,Up
1146,148,2005,0.71,0.095,-0.767,0.56,0.457,2.04312,0.074,Up
1147,149,2005,0.074,0.71,0.095,-0.767,0.56,1.99998,-0.737,Down
1148,150,2005,-0.737,0.074,0.71,0.095,-0.767,1.98122,-0.764,Down
1149,151,2005,-0.764,-0.737,0.074,0.71,0.095,1.93028,-0.268,Down
1150,152,2005,-0.268,-0.764,-0.737,0.074,0.71,1.80414,0.674,Up
1151,153,2005,0.674,-0.268,-0.764,-0.737,0.074,1.89752,-0.183,Down
1152,154,2005,-0.183,0.674,-0.268,-0.764,-0.737,2.17232,0.706,Up
1153,155,2005,0.706,-0.183,0.674,-0.268,-0.764,1.94156,-0.599,Down
1154,156,2005,-0.599,0.706,-0.183,0.674,-0.268,1.7093,0.283,Up
1155,157,2005,0.283,-0.599,0.706,-0.183,0.674,1.56288,-1.178,Down
1156,158,2005,-1.178,0.283,-0.599,0.706,-0.183,1.82041,0.074,Up
1157,159,2005,0.074,-1.178,0.283,-0.599,0.706,1.85915,-0.1,Down
1158,160,2005,-0.1,0.074,-1.178,0.283,-0.599,1.80817,0.057,Up
1159,161,2005,0.057,-0.1,0.074,-1.178,0.283,1.55879,0.166,Up
1160,162,2005,0.166,0.057,-0.1,0.074,-1.178,1.62133,-0.339,Down
1161,163,2005,-0.339,0.166,0.057,-0.1,0.074,1.67862,-0.657,Down
1162,164,2005,-0.657,-0.339,0.166,0.057,-0.1,1.9308,0.23,Up
1163,165,2005,0.23,-0.657,-0.339,0.166,0.057,1.57111,-0.6,Down
1164,166,2005,-0.6,0.23,-0.657,-0.339,0.166,1.54109,0.596,Up
1165,167,2005,0.596,-0.6,0.23,-0.657,-0.339,1.59945,-0.319,Down
1166,168,2005,-0.319,0.596,-0.6,0.23,-0.657,1.91647,0.986,Up
1167,169,2005,0.986,-0.319,0.596,-0.6,0.23,2.36551,0.103,Up
1168,170,2005,0.103,0.986,-0.319,0.596,-0.6,2.22986,-0.292,Down
1169,171,2005,-0.292,0.103,0.986,-0.319,0.596,1.64016,1.262,Up
1170,172,2005,1.262,-0.292,0.103,0.986,-0.319,1.93209,0.241,Up
1171,173,2005,0.241,1.262,-0.292,0.103,0.986,2.0677,-0.379,Down
1172,174,2005,-0.379,0.241,1.262,-0.292,0.103,1.95538,0.796,Up
1173,175,2005,0.796,-0.379,0.241,1.262,-0.292,1.99256,-0.074,Down
1174,176,2005,-0.074,0.796,-0.379,0.241,1.262,1.93805,-0.754,Down
1175,177,2005,-0.754,-0.074,0.796,-0.379,0.241,2.08236,-0.328,Down
1176,178,2005,-0.328,-0.754,-0.074,0.796,-0.379,1.98675,0.046,Up
1177,179,2005,0.046,-0.328,-0.754,-0.074,0.796,2.07934,0.829,Up
1178,180,2005,0.829,0.046,-0.328,-0.754,-0.074,3.15247,-0.557,Down
1179,181,2005,-0.557,0.829,0.046,-0.328,-0.754,2.07654,-0.786,Down
1180,182,2005,-0.786,-0.557,0.829,0.046,-0.328,2.31925,-0.912,Down
1181,183,2005,-0.912,-0.786,-0.557,0.829,0.046,2.54815,0.365,Up
1182,184,2005,0.365,-0.912,-0.786,-0.557,0.829,2.42472,0.055,Up
1183,185,2005,0.055,0.365,-0.912,-0.786,-0.557,1.97302,0.028,Up
1184,186,2005,0.028,0.055,0.365,-0.912,-0.786,2.02222,0.002,Up
1185,187,2005,0.002,0.028,0.055,0.365,-0.912,1.97627,0.101,Up
1186,188,2005,0.101,0.002,0.028,0.055,0.365,2.10698,0.887,Up
1187,189,2005,0.887,0.101,0.002,0.028,0.055,2.17612,0.092,Up
1188,190,2005,0.092,0.887,0.101,0.002,0.028,2.09752,-0.172,Down
1189,191,2005,-0.172,0.092,0.887,0.101,0.002,2.09749,-0.997,Down
1190,192,2005,-0.997,-0.172,0.092,0.887,0.101,2.34142,-1.489,Down
1191,193,2005,-1.489,-0.997,-0.172,0.092,0.887,2.54678,-0.41,Down
1192,194,2005,-0.41,-1.489,-0.997,-0.172,0.092,2.79203,0.37,Up
1193,195,2005,0.37,-0.41,-1.489,-0.997,-0.172,2.12608,-0.717,Down
1194,196,2005,-0.717,0.37,-0.41,-1.489,-0.997,2.19599,-0.207,Down
1195,197,2005,-0.207,-0.717,0.37,-0.41,-1.489,2.29904,-0.607,Down
1196,198,2005,-0.607,-0.207,-0.717,0.37,-0.41,2.49128,-0.071,Down
1197,199,2005,-0.071,-0.607,-0.207,-0.717,0.37,2.35115,0.827,Up
1198,200,2005,0.827,-0.071,-0.607,-0.207,-0.717,2.18894,0.297,Up
1199,201,2005,0.297,0.827,-0.071,-0.607,-0.207,2.05457,-1.005,Down
1200,202,2005,-1.005,0.297,0.827,-0.071,-0.607,2.19701,1.496,Up
1201,203,2005,1.496,-1.005,0.297,0.827,-0.071,2.70359,-1.502,Down
1202,204,2005,-1.502,1.496,-1.005,0.297,0.827,2.61725,0.152,Up
1203,205,2005,0.152,-1.502,1.496,-1.005,0.297,2.47092,1.678,Up
1204,206,2005,1.678,0.152,-1.502,1.496,-1.005,2.19779,-0.237,Down
1205,207,2005,-0.237,1.678,0.152,-1.502,1.496,2.31247,-0.431,Down
1206,208,2005,-0.431,-0.237,1.678,0.152,-1.502,2.46775,-1.048,Down
1207,209,2005,-1.048,-0.431,-0.237,1.678,0.152,2.39537,1.655,Up
1208,210,2005,1.655,-1.048,-0.431,-0.237,1.678,2.3794,0.718,Up
1209,211,2005,0.718,1.655,-1.048,-0.431,-0.237,2.56747,-0.352,Down
1210,212,2005,-0.352,0.718,1.655,-1.048,-0.431,2.45785,0.998,Up
1211,213,2005,0.998,-0.352,0.718,1.655,-1.048,2.64809,0.426,Up
1212,214,2005,0.426,0.998,-0.352,0.718,1.655,2.71663,0.016,Up
1213,215,2005,0.016,0.426,0.998,-0.352,0.718,2.05051,0.219,Up
1214,216,2005,0.219,0.016,0.426,0.998,-0.352,1.98758,-0.345,Down
1215,217,2005,-0.345,0.219,0.016,0.426,0.998,1.96505,0.169,Up
1216,218,2005,0.169,-0.345,0.219,0.016,0.426,2.21446,0.845,Up
1217,219,2005,0.845,0.169,-0.345,0.219,0.016,2.37846,0.305,Up
1218,220,2005,0.305,0.845,0.169,-0.345,0.219,1.77314,-0.078,Down
1219,221,2005,-0.078,0.305,0.845,0.169,-0.345,1.89978,-0.385,Down
1220,222,2005,-0.385,-0.078,0.305,0.845,0.169,2.35937,0.179,Up
1221,223,2005,0.179,-0.385,-0.078,0.305,0.845,2.12158,0.941,Up
1222,224,2005,0.941,0.179,-0.385,-0.078,0.305,2.29804,0.44,Up
1223,225,2005,0.44,0.941,0.179,-0.385,-0.078,2.45329,0.527,Up
1224,226,2005,0.527,0.44,0.941,0.179,-0.385,2.11735,0.508,Up
1225,227,2005,0.508,0.527,0.44,0.941,0.179,2.29142,0.347,Up
1226,228,2005,0.347,0.508,0.527,0.44,0.941,1.9854,0.209,Up
1227,229,2005,0.209,0.347,0.508,0.527,0.44,0.72494,-0.851,Down
1228,230,2005,-0.851,0.209,0.347,0.508,0.527,2.0169,0.002,Up
1229,231,2005,0.002,-0.851,0.209,0.347,0.508,2.26834,-0.636,Down
1230,232,2005,-0.636,0.002,-0.851,0.209,0.347,2.37469,1.216,Up
1231,233,2005,1.216,-0.636,0.002,-0.851,0.209,2.61483,0.032,Up
1232,234,2005,0.032,1.216,-0.636,0.002,-0.851,2.12558,-0.236,Down
1233,235,2005,-0.236,0.032,1.216,-0.636,0.002,2.32584,0.128,Up
1234,236,2005,0.128,-0.236,0.032,1.216,-0.636,2.11074,-0.501,Down
1235,237,2005,-0.501,0.128,-0.236,0.032,1.216,2.09383,-0.122,Down
1236,238,2005,-0.122,-0.501,0.128,-0.236,0.032,2.1783,0.281,Up
1237,239,2005,0.281,-0.122,-0.501,0.128,-0.236,1.89629,0.084,Up
1238,240,2005,0.084,0.281,-0.122,-0.501,0.128,1.87655,0.555,Up
1239,241,2005,0.555,0.084,0.281,-0.122,-0.501,2.39002,0.419,Up
1240,242,2005,0.419,0.555,0.084,0.281,-0.122,2.14552,-0.141,Down
1241,243,2005,-0.141,0.419,0.555,0.084,0.281,2.18059,-0.285,Down
1242,244,2005,-0.285,-0.141,0.419,0.555,0.084,2.58419,-0.584,Down
1243,245,2005,-0.584,-0.285,-0.141,0.419,0.555,2.20881,-0.024,Down
1244,246,2005,-0.024,-0.584,-0.285,-0.141,0.419,1.99669,0.252,Up
1245,247,2005,0.252,-0.024,-0.584,-0.285,-0.141,2.06517,0.422,Up
1246,248,2005,0.422,0.252,-0.024,-0.584,-0.285,1.8885,0.043,Up
1247,249,2005,0.043,0.422,0.252,-0.024,-0.584,1.28581,-0.955,Down
1248,250,2005,-0.955,0.043,0.422,0.252,-0.024,1.54047,0.13,Up
1249,251,2005,0.13,-0.955,0.043,0.422,0.252,1.42236,-0.298,Down
1250,252,2005,-0.298,0.13,-0.955,0.043,0.422,1.38254,-0.489,Down
